pre,id,Cuenta,Lenloc_Label,Lenloc_context0,Lenloc_context1,Lenloc_context2,Lenloc_context3,Lenloc_context4,Lenloc_context5,Lenloc_context6,Lenloc_context7,Lenloc_context8
L_PR,0,DEUDA PÚBLICA,lenloc3-prog-cuentas:DeudaPublica,lenloc3-econ-gast-cuentas:GastosDePersonal,lenloc3-econ-gast-cuentas:GastosCorrientesEnBienesYServicios,lenloc3-econ-gast-cuentas:GastosFinancieros,lenloc3-econ-gast-cuentas:TransferenciasCorrientes,lenloc3-econ-gast-cuentas:FondoDeContingenciaYOtrosImprevistos,lenloc3-econ-gast-cuentas:InversionesReales,lenloc3-econ-gast-cuentas:EconomicaGastos_TransferenciasDeCapital,lenloc3-econ-gast-cuentas:EconomicaGastos_ActivosFinancieros,lenloc3-econ-gast-cuentas:EconomicaGastos_PasivosFinancieros
L_PR,01,Deuda Pública,lenloc3-prog-cuentas:DeudaPublica_DeudaPublica,lenloc3-econ-gast-cuentas:GastosDePersonal,lenloc3-econ-gast-cuentas:GastosCorrientesEnBienesYServicios,lenloc3-econ-gast-cuentas:GastosFinancieros,lenloc3-econ-gast-cuentas:TransferenciasCorrientes,lenloc3-econ-gast-cuentas:FondoDeContingenciaYOtrosImprevistos,lenloc3-econ-gast-cuentas:InversionesReales,lenloc3-econ-gast-cuentas:EconomicaGastos_TransferenciasDeCapital,lenloc3-econ-gast-cuentas:EconomicaGastos_ActivosFinancieros,lenloc3-econ-gast-cuentas:EconomicaGastos_PasivosFinancieros
L_PR,011,Deuda Pública,lenloc3-prog-cuentas:DeudaPublica_DeudaPublica_DeudaPublica,lenloc3-econ-gast-cuentas:GastosDePersonal,lenloc3-econ-gast-cuentas:GastosCorrientesEnBienesYServicios,lenloc3-econ-gast-cuentas:GastosFinancieros,lenloc3-econ-gast-cuentas:TransferenciasCorrientes,lenloc3-econ-gast-cuentas:FondoDeContingenciaYOtrosImprevistos,lenloc3-econ-gast-cuentas:InversionesReales,lenloc3-econ-gast-cuentas:EconomicaGastos_TransferenciasDeCapital,lenloc3-econ-gast-cuentas:EconomicaGastos_ActivosFinancieros,lenloc3-econ-gast-cuentas:EconomicaGastos_PasivosFinancieros
L_PR,1,SERVICIOS PÚBLICOS BÁSICOS,lenloc3-prog-cuentas:ServiciosPublicosBasicos,lenloc3-econ-gast-cuentas:GastosDePersonal,lenloc3-econ-gast-cuentas:GastosCorrientesEnBienesYServicios,lenloc3-econ-gast-cuentas:GastosFinancieros,lenloc3-econ-gast-cuentas:TransferenciasCorrientes,lenloc3-econ-gast-cuentas:FondoDeContingenciaYOtrosImprevistos,lenloc3-econ-gast-cuentas:InversionesReales,lenloc3-econ-gast-cuentas:EconomicaGastos_TransferenciasDeCapital,lenloc3-econ-gast-cuentas:EconomicaGastos_ActivosFinancieros,lenloc3-econ-gast-cuentas:EconomicaGastos_PasivosFinancieros
L_PR,13,Seguridad y movilidad ciudadana,lenloc3-prog-cuentas:SeguridadYMovilidadCiudadana,lenloc3-econ-gast-cuentas:GastosDePersonal,lenloc3-econ-gast-cuentas:GastosCorrientesEnBienesYServicios,lenloc3-econ-gast-cuentas:GastosFinancieros,lenloc3-econ-gast-cuentas:TransferenciasCorrientes,lenloc3-econ-gast-cuentas:FondoDeContingenciaYOtrosImprevistos,lenloc3-econ-gast-cuentas:InversionesReales,lenloc3-econ-gast-cuentas:EconomicaGastos_TransferenciasDeCapital,lenloc3-econ-gast-cuentas:EconomicaGastos_ActivosFinancieros,lenloc3-econ-gast-cuentas:EconomicaGastos_PasivosFinancieros
L_PR,130,Administración General de la Seguridad y Protección Civil,lenloc3-prog-cuentas:AdministracionGeneralDeLaSeguridadYProteccionCivil,lenloc3-econ-gast-cuentas:GastosDePersonal,lenloc3-econ-gast-cuentas:GastosCorrientesEnBienesYServicios,lenloc3-econ-gast-cuentas:GastosFinancieros,lenloc3-econ-gast-cuentas:TransferenciasCorrientes,lenloc3-econ-gast-cuentas:FondoDeContingenciaYOtrosImprevistos,lenloc3-econ-gast-cuentas:InversionesReales,lenloc3-econ-gast-cuentas:EconomicaGastos_TransferenciasDeCapital,lenloc3-econ-gast-cuentas:EconomicaGastos_ActivosFinancieros,lenloc3-econ-gast-cuentas:EconomicaGastos_PasivosFinancieros
L_PR,132,Seguridad y Orden Público,lenloc3-prog-cuentas:SeguridadYOrdenPublico,lenloc3-econ-gast-cuentas:GastosDePersonal,lenloc3-econ-gast-cuentas:GastosCorrientesEnBienesYServicios,lenloc3-econ-gast-cuentas:GastosFinancieros,lenloc3-econ-gast-cuentas:TransferenciasCorrientes,lenloc3-econ-gast-cuentas:FondoDeContingenciaYOtrosImprevistos,lenloc3-econ-gast-cuentas:InversionesReales,lenloc3-econ-gast-cuentas:EconomicaGastos_TransferenciasDeCapital,lenloc3-econ-gast-cuentas:EconomicaGastos_ActivosFinancieros,lenloc3-econ-gast-cuentas:EconomicaGastos_PasivosFinancieros
L_PR,133,Ordenación del tráfico y del estacionamiento,lenloc3-prog-cuentas:OrdenacionDelTraficoYDelEstacionamiento,lenloc3-econ-gast-cuentas:GastosDePersonal,lenloc3-econ-gast-cuentas:GastosCorrientesEnBienesYServicios,lenloc3-econ-gast-cuentas:GastosFinancieros,lenloc3-econ-gast-cuentas:TransferenciasCorrientes,lenloc3-econ-gast-cuentas:FondoDeContingenciaYOtrosImprevistos,lenloc3-econ-gast-cuentas:InversionesReales,lenloc3-econ-gast-cuentas:EconomicaGastos_TransferenciasDeCapital,lenloc3-econ-gast-cuentas:EconomicaGastos_ActivosFinancieros,lenloc3-econ-gast-cuentas:EconomicaGastos_PasivosFinancieros
L_PR,134,Protección civil,lenloc3-prog-cuentas:ProteccionCivil,lenloc3-econ-gast-cuentas:GastosDePersonal,lenloc3-econ-gast-cuentas:GastosCorrientesEnBienesYServicios,lenloc3-econ-gast-cuentas:GastosFinancieros,lenloc3-econ-gast-cuentas:TransferenciasCorrientes,lenloc3-econ-gast-cuentas:FondoDeContingenciaYOtrosImprevistos,lenloc3-econ-gast-cuentas:InversionesReales,lenloc3-econ-gast-cuentas:EconomicaGastos_TransferenciasDeCapital,lenloc3-econ-gast-cuentas:EconomicaGastos_ActivosFinancieros,lenloc3-econ-gast-cuentas:EconomicaGastos_PasivosFinancieros
L_PR,135,Servicio de extinción de incendios,lenloc3-prog-cuentas:ServicioDeExtincionDeIncendios,lenloc3-econ-gast-cuentas:GastosDePersonal,lenloc3-econ-gast-cuentas:GastosCorrientesEnBienesYServicios,lenloc3-econ-gast-cuentas:GastosFinancieros,lenloc3-econ-gast-cuentas:TransferenciasCorrientes,lenloc3-econ-gast-cuentas:FondoDeContingenciaYOtrosImprevistos,lenloc3-econ-gast-cuentas:InversionesReales,lenloc3-econ-gast-cuentas:EconomicaGastos_TransferenciasDeCapital,lenloc3-econ-gast-cuentas:EconomicaGastos_ActivosFinancieros,lenloc3-econ-gast-cuentas:EconomicaGastos_PasivosFinancieros
L_PR,15,Vivienda y urbanismo,lenloc3-prog-cuentas:ViviendaYUrbanismo,lenloc3-econ-gast-cuentas:GastosDePersonal,lenloc3-econ-gast-cuentas:GastosCorrientesEnBienesYServicios,lenloc3-econ-gast-cuentas:GastosFinancieros,lenloc3-econ-gast-cuentas:TransferenciasCorrientes,lenloc3-econ-gast-cuentas:FondoDeContingenciaYOtrosImprevistos,lenloc3-econ-gast-cuentas:InversionesReales,lenloc3-econ-gast-cuentas:EconomicaGastos_TransferenciasDeCapital,lenloc3-econ-gast-cuentas:EconomicaGastos_ActivosFinancieros,lenloc3-econ-gast-cuentas:EconomicaGastos_PasivosFinancieros
L_PR,150,Administración General de Vivienda y urbanismo,lenloc3-prog-cuentas:AdministracionGeneralDeViviendaYUrbanismo,lenloc3-econ-gast-cuentas:GastosDePersonal,lenloc3-econ-gast-cuentas:GastosCorrientesEnBienesYServicios,lenloc3-econ-gast-cuentas:GastosFinancieros,lenloc3-econ-gast-cuentas:TransferenciasCorrientes,lenloc3-econ-gast-cuentas:FondoDeContingenciaYOtrosImprevistos,lenloc3-econ-gast-cuentas:InversionesReales,lenloc3-econ-gast-cuentas:EconomicaGastos_TransferenciasDeCapital,lenloc3-econ-gast-cuentas:EconomicaGastos_ActivosFinancieros,lenloc3-econ-gast-cuentas:EconomicaGastos_PasivosFinancieros
L_PR,151,Urbanismo,lenloc3-prog-cuentas:Urbanismo,lenloc3-econ-gast-cuentas:GastosDePersonal,lenloc3-econ-gast-cuentas:GastosCorrientesEnBienesYServicios,lenloc3-econ-gast-cuentas:GastosFinancieros,lenloc3-econ-gast-cuentas:TransferenciasCorrientes,lenloc3-econ-gast-cuentas:FondoDeContingenciaYOtrosImprevistos,lenloc3-econ-gast-cuentas:InversionesReales,lenloc3-econ-gast-cuentas:EconomicaGastos_TransferenciasDeCapital,lenloc3-econ-gast-cuentas:EconomicaGastos_ActivosFinancieros,lenloc3-econ-gast-cuentas:EconomicaGastos_PasivosFinancieros
L_PR,152,Vivienda,lenloc3-prog-cuentas:Vivienda,lenloc3-econ-gast-cuentas:GastosDePersonal,lenloc3-econ-gast-cuentas:GastosCorrientesEnBienesYServicios,lenloc3-econ-gast-cuentas:GastosFinancieros,lenloc3-econ-gast-cuentas:TransferenciasCorrientes,lenloc3-econ-gast-cuentas:FondoDeContingenciaYOtrosImprevistos,lenloc3-econ-gast-cuentas:InversionesReales,lenloc3-econ-gast-cuentas:EconomicaGastos_TransferenciasDeCapital,lenloc3-econ-gast-cuentas:EconomicaGastos_ActivosFinancieros,lenloc3-econ-gast-cuentas:EconomicaGastos_PasivosFinancieros
L_PR,153,Acceso a la vivienda,lenloc3-prog-cuentas:AccesoALaVivienda,lenloc3-econ-gast-cuentas:GastosDePersonal,lenloc3-econ-gast-cuentas:GastosCorrientesEnBienesYServicios,lenloc3-econ-gast-cuentas:GastosFinancieros,lenloc3-econ-gast-cuentas:TransferenciasCorrientes,lenloc3-econ-gast-cuentas:FondoDeContingenciaYOtrosImprevistos,lenloc3-econ-gast-cuentas:InversionesReales,lenloc3-econ-gast-cuentas:EconomicaGastos_TransferenciasDeCapital,lenloc3-econ-gast-cuentas:EconomicaGastos_ActivosFinancieros,lenloc3-econ-gast-cuentas:EconomicaGastos_PasivosFinancieros
L_PR,154,Fomento de la edificación protegida,lenloc3-prog-cuentas:FomentoDeLaEdificacionProtegida,lenloc3-econ-gast-cuentas:GastosDePersonal,lenloc3-econ-gast-cuentas:GastosCorrientesEnBienesYServicios,lenloc3-econ-gast-cuentas:GastosFinancieros,lenloc3-econ-gast-cuentas:TransferenciasCorrientes,lenloc3-econ-gast-cuentas:FondoDeContingenciaYOtrosImprevistos,lenloc3-econ-gast-cuentas:InversionesReales,lenloc3-econ-gast-cuentas:EconomicaGastos_TransferenciasDeCapital,lenloc3-econ-gast-cuentas:EconomicaGastos_ActivosFinancieros,lenloc3-econ-gast-cuentas:EconomicaGastos_PasivosFinancieros
L_PR,155,Vías públicas,lenloc3-prog-cuentas:ViasPublicas,lenloc3-econ-gast-cuentas:GastosDePersonal,lenloc3-econ-gast-cuentas:GastosCorrientesEnBienesYServicios,lenloc3-econ-gast-cuentas:GastosFinancieros,lenloc3-econ-gast-cuentas:TransferenciasCorrientes,lenloc3-econ-gast-cuentas:FondoDeContingenciaYOtrosImprevistos,lenloc3-econ-gast-cuentas:InversionesReales,lenloc3-econ-gast-cuentas:EconomicaGastos_TransferenciasDeCapital,lenloc3-econ-gast-cuentas:EconomicaGastos_ActivosFinancieros,lenloc3-econ-gast-cuentas:EconomicaGastos_PasivosFinancieros
L_PR,16,Bienestar comunitario,lenloc3-prog-cuentas:BienestarComunitario,lenloc3-econ-gast-cuentas:GastosDePersonal,lenloc3-econ-gast-cuentas:GastosCorrientesEnBienesYServicios,lenloc3-econ-gast-cuentas:GastosFinancieros,lenloc3-econ-gast-cuentas:TransferenciasCorrientes,lenloc3-econ-gast-cuentas:FondoDeContingenciaYOtrosImprevistos,lenloc3-econ-gast-cuentas:InversionesReales,lenloc3-econ-gast-cuentas:EconomicaGastos_TransferenciasDeCapital,lenloc3-econ-gast-cuentas:EconomicaGastos_ActivosFinancieros,lenloc3-econ-gast-cuentas:EconomicaGastos_PasivosFinancieros
L_PR,161,"Saneamiento, abastecimiento y distribución de aguas.",lenloc3-prog-cuentas:SaneamientoAbastecimientoYDistribucionDeAguas,lenloc3-econ-gast-cuentas:GastosDePersonal,lenloc3-econ-gast-cuentas:GastosCorrientesEnBienesYServicios,lenloc3-econ-gast-cuentas:GastosFinancieros,lenloc3-econ-gast-cuentas:TransferenciasCorrientes,lenloc3-econ-gast-cuentas:FondoDeContingenciaYOtrosImprevistos,lenloc3-econ-gast-cuentas:InversionesReales,lenloc3-econ-gast-cuentas:EconomicaGastos_TransferenciasDeCapital,lenloc3-econ-gast-cuentas:EconomicaGastos_ActivosFinancieros,lenloc3-econ-gast-cuentas:EconomicaGastos_PasivosFinancieros
L_PR,162,"Recogida, eliminación y tratamiento de residuos.",lenloc3-prog-cuentas:RecogidaEliminacionYTratamientoDeResiduos,lenloc3-econ-gast-cuentas:GastosDePersonal,lenloc3-econ-gast-cuentas:GastosCorrientesEnBienesYServicios,lenloc3-econ-gast-cuentas:GastosFinancieros,lenloc3-econ-gast-cuentas:TransferenciasCorrientes,lenloc3-econ-gast-cuentas:FondoDeContingenciaYOtrosImprevistos,lenloc3-econ-gast-cuentas:InversionesReales,lenloc3-econ-gast-cuentas:EconomicaGastos_TransferenciasDeCapital,lenloc3-econ-gast-cuentas:EconomicaGastos_ActivosFinancieros,lenloc3-econ-gast-cuentas:EconomicaGastos_PasivosFinancieros
L_PR,163,Limpieza viaria.,lenloc3-prog-cuentas:LimpiezaViaria,lenloc3-econ-gast-cuentas:GastosDePersonal,lenloc3-econ-gast-cuentas:GastosCorrientesEnBienesYServicios,lenloc3-econ-gast-cuentas:GastosFinancieros,lenloc3-econ-gast-cuentas:TransferenciasCorrientes,lenloc3-econ-gast-cuentas:FondoDeContingenciaYOtrosImprevistos,lenloc3-econ-gast-cuentas:InversionesReales,lenloc3-econ-gast-cuentas:EconomicaGastos_TransferenciasDeCapital,lenloc3-econ-gast-cuentas:EconomicaGastos_ActivosFinancieros,lenloc3-econ-gast-cuentas:EconomicaGastos_PasivosFinancieros
L_PR,164,Cementerios y servicios funerarios,lenloc3-prog-cuentas:CementeriosYServiciosFunerarios,lenloc3-econ-gast-cuentas:GastosDePersonal,lenloc3-econ-gast-cuentas:GastosCorrientesEnBienesYServicios,lenloc3-econ-gast-cuentas:GastosFinancieros,lenloc3-econ-gast-cuentas:TransferenciasCorrientes,lenloc3-econ-gast-cuentas:FondoDeContingenciaYOtrosImprevistos,lenloc3-econ-gast-cuentas:InversionesReales,lenloc3-econ-gast-cuentas:EconomicaGastos_TransferenciasDeCapital,lenloc3-econ-gast-cuentas:EconomicaGastos_ActivosFinancieros,lenloc3-econ-gast-cuentas:EconomicaGastos_PasivosFinancieros
L_PR,165,Alumbrado público,lenloc3-prog-cuentas:AlumbradoPublico,lenloc3-econ-gast-cuentas:GastosDePersonal,lenloc3-econ-gast-cuentas:GastosCorrientesEnBienesYServicios,lenloc3-econ-gast-cuentas:GastosFinancieros,lenloc3-econ-gast-cuentas:TransferenciasCorrientes,lenloc3-econ-gast-cuentas:FondoDeContingenciaYOtrosImprevistos,lenloc3-econ-gast-cuentas:InversionesReales,lenloc3-econ-gast-cuentas:EconomicaGastos_TransferenciasDeCapital,lenloc3-econ-gast-cuentas:EconomicaGastos_ActivosFinancieros,lenloc3-econ-gast-cuentas:EconomicaGastos_PasivosFinancieros
L_PR,169,Otros servicios de bienestar comunitario,lenloc3-prog-cuentas:OtrosServiciosDeBienestarComunitario,lenloc3-econ-gast-cuentas:GastosDePersonal,lenloc3-econ-gast-cuentas:GastosCorrientesEnBienesYServicios,lenloc3-econ-gast-cuentas:GastosFinancieros,lenloc3-econ-gast-cuentas:TransferenciasCorrientes,lenloc3-econ-gast-cuentas:FondoDeContingenciaYOtrosImprevistos,lenloc3-econ-gast-cuentas:InversionesReales,lenloc3-econ-gast-cuentas:EconomicaGastos_TransferenciasDeCapital,lenloc3-econ-gast-cuentas:EconomicaGastos_ActivosFinancieros,lenloc3-econ-gast-cuentas:EconomicaGastos_PasivosFinancieros
L_PR,17,Medio ambiente,lenloc3-prog-cuentas:MedioAmbiente,lenloc3-econ-gast-cuentas:GastosDePersonal,lenloc3-econ-gast-cuentas:GastosCorrientesEnBienesYServicios,lenloc3-econ-gast-cuentas:GastosFinancieros,lenloc3-econ-gast-cuentas:TransferenciasCorrientes,lenloc3-econ-gast-cuentas:FondoDeContingenciaYOtrosImprevistos,lenloc3-econ-gast-cuentas:InversionesReales,lenloc3-econ-gast-cuentas:EconomicaGastos_TransferenciasDeCapital,lenloc3-econ-gast-cuentas:EconomicaGastos_ActivosFinancieros,lenloc3-econ-gast-cuentas:EconomicaGastos_PasivosFinancieros
L_PR,170,Administración general del medio ambiente,lenloc3-prog-cuentas:AdministracionGeneralDelMedioAmbiente,lenloc3-econ-gast-cuentas:GastosDePersonal,lenloc3-econ-gast-cuentas:GastosCorrientesEnBienesYServicios,lenloc3-econ-gast-cuentas:GastosFinancieros,lenloc3-econ-gast-cuentas:TransferenciasCorrientes,lenloc3-econ-gast-cuentas:FondoDeContingenciaYOtrosImprevistos,lenloc3-econ-gast-cuentas:InversionesReales,lenloc3-econ-gast-cuentas:EconomicaGastos_TransferenciasDeCapital,lenloc3-econ-gast-cuentas:EconomicaGastos_ActivosFinancieros,lenloc3-econ-gast-cuentas:EconomicaGastos_PasivosFinancieros
L_PR,171,Parques y jardines,lenloc3-prog-cuentas:ParquesYJardines,lenloc3-econ-gast-cuentas:GastosDePersonal,lenloc3-econ-gast-cuentas:GastosCorrientesEnBienesYServicios,lenloc3-econ-gast-cuentas:GastosFinancieros,lenloc3-econ-gast-cuentas:TransferenciasCorrientes,lenloc3-econ-gast-cuentas:FondoDeContingenciaYOtrosImprevistos,lenloc3-econ-gast-cuentas:InversionesReales,lenloc3-econ-gast-cuentas:EconomicaGastos_TransferenciasDeCapital,lenloc3-econ-gast-cuentas:EconomicaGastos_ActivosFinancieros,lenloc3-econ-gast-cuentas:EconomicaGastos_PasivosFinancieros
L_PR,172,Protección y mejora del medio ambiente,lenloc3-prog-cuentas:ProteccionYMejoraDelMedioAmbiente,lenloc3-econ-gast-cuentas:GastosDePersonal,lenloc3-econ-gast-cuentas:GastosCorrientesEnBienesYServicios,lenloc3-econ-gast-cuentas:GastosFinancieros,lenloc3-econ-gast-cuentas:TransferenciasCorrientes,lenloc3-econ-gast-cuentas:FondoDeContingenciaYOtrosImprevistos,lenloc3-econ-gast-cuentas:InversionesReales,lenloc3-econ-gast-cuentas:EconomicaGastos_TransferenciasDeCapital,lenloc3-econ-gast-cuentas:EconomicaGastos_ActivosFinancieros,lenloc3-econ-gast-cuentas:EconomicaGastos_PasivosFinancieros
L_PR,179,Otras actuaciones relacionadas con el medio ambiente,lenloc3-prog-cuentas:OtrasActuacionesRelacionadasConElMedioAmbiente,lenloc3-econ-gast-cuentas:GastosDePersonal,lenloc3-econ-gast-cuentas:GastosCorrientesEnBienesYServicios,lenloc3-econ-gast-cuentas:GastosFinancieros,lenloc3-econ-gast-cuentas:TransferenciasCorrientes,lenloc3-econ-gast-cuentas:FondoDeContingenciaYOtrosImprevistos,lenloc3-econ-gast-cuentas:InversionesReales,lenloc3-econ-gast-cuentas:EconomicaGastos_TransferenciasDeCapital,lenloc3-econ-gast-cuentas:EconomicaGastos_ActivosFinancieros,lenloc3-econ-gast-cuentas:EconomicaGastos_PasivosFinancieros
L_PR,2,ACTUACIONES DE PROTECCIÓN Y PROMOCIÓN SOCIAL,lenloc3-prog-cuentas:ActuacionesDeProteccionYPromocionSocial,lenloc3-econ-gast-cuentas:GastosDePersonal,lenloc3-econ-gast-cuentas:GastosCorrientesEnBienesYServicios,lenloc3-econ-gast-cuentas:GastosFinancieros,lenloc3-econ-gast-cuentas:TransferenciasCorrientes,lenloc3-econ-gast-cuentas:FondoDeContingenciaYOtrosImprevistos,lenloc3-econ-gast-cuentas:InversionesReales,lenloc3-econ-gast-cuentas:EconomicaGastos_TransferenciasDeCapital,lenloc3-econ-gast-cuentas:EconomicaGastos_ActivosFinancieros,lenloc3-econ-gast-cuentas:EconomicaGastos_PasivosFinancieros
L_PR,21,Pensiones,lenloc3-prog-cuentas:Pensiones,lenloc3-econ-gast-cuentas:GastosDePersonal,lenloc3-econ-gast-cuentas:GastosCorrientesEnBienesYServicios,lenloc3-econ-gast-cuentas:GastosFinancieros,lenloc3-econ-gast-cuentas:TransferenciasCorrientes,lenloc3-econ-gast-cuentas:FondoDeContingenciaYOtrosImprevistos,lenloc3-econ-gast-cuentas:InversionesReales,lenloc3-econ-gast-cuentas:EconomicaGastos_TransferenciasDeCapital,lenloc3-econ-gast-cuentas:EconomicaGastos_ActivosFinancieros,lenloc3-econ-gast-cuentas:EconomicaGastos_PasivosFinancieros
L_PR,211,Pensiones,lenloc3-prog-cuentas:Pensiones_Pensiones,lenloc3-econ-gast-cuentas:GastosDePersonal,lenloc3-econ-gast-cuentas:GastosCorrientesEnBienesYServicios,lenloc3-econ-gast-cuentas:GastosFinancieros,lenloc3-econ-gast-cuentas:TransferenciasCorrientes,lenloc3-econ-gast-cuentas:FondoDeContingenciaYOtrosImprevistos,lenloc3-econ-gast-cuentas:InversionesReales,lenloc3-econ-gast-cuentas:EconomicaGastos_TransferenciasDeCapital,lenloc3-econ-gast-cuentas:EconomicaGastos_ActivosFinancieros,lenloc3-econ-gast-cuentas:EconomicaGastos_PasivosFinancieros
L_PR,22,Otras prestaciones económicas a favor de empleados,lenloc3-prog-cuentas:OtrasPrestacionesEconomicasAFavorDeEmpleados,lenloc3-econ-gast-cuentas:GastosDePersonal,lenloc3-econ-gast-cuentas:GastosCorrientesEnBienesYServicios,lenloc3-econ-gast-cuentas:GastosFinancieros,lenloc3-econ-gast-cuentas:TransferenciasCorrientes,lenloc3-econ-gast-cuentas:FondoDeContingenciaYOtrosImprevistos,lenloc3-econ-gast-cuentas:InversionesReales,lenloc3-econ-gast-cuentas:EconomicaGastos_TransferenciasDeCapital,lenloc3-econ-gast-cuentas:EconomicaGastos_ActivosFinancieros,lenloc3-econ-gast-cuentas:EconomicaGastos_PasivosFinancieros
L_PR,221,Otras prestaciones económicas a favor de empleados,lenloc3-prog-cuentas:OtrasPrestacionesEconomicasAFavorDeEmpleados_OtrasPrestacionesEconomicasAFavorDeEmpleados,lenloc3-econ-gast-cuentas:GastosDePersonal,lenloc3-econ-gast-cuentas:GastosCorrientesEnBienesYServicios,lenloc3-econ-gast-cuentas:GastosFinancieros,lenloc3-econ-gast-cuentas:TransferenciasCorrientes,lenloc3-econ-gast-cuentas:FondoDeContingenciaYOtrosImprevistos,lenloc3-econ-gast-cuentas:InversionesReales,lenloc3-econ-gast-cuentas:EconomicaGastos_TransferenciasDeCapital,lenloc3-econ-gast-cuentas:EconomicaGastos_ActivosFinancieros,lenloc3-econ-gast-cuentas:EconomicaGastos_PasivosFinancieros
L_PR,23,Servicios Sociales y promoción social,lenloc3-prog-cuentas:ServiciosSocialesYPromocionSocial,lenloc3-econ-gast-cuentas:GastosDePersonal,lenloc3-econ-gast-cuentas:GastosCorrientesEnBienesYServicios,lenloc3-econ-gast-cuentas:GastosFinancieros,lenloc3-econ-gast-cuentas:TransferenciasCorrientes,lenloc3-econ-gast-cuentas:FondoDeContingenciaYOtrosImprevistos,lenloc3-econ-gast-cuentas:InversionesReales,lenloc3-econ-gast-cuentas:EconomicaGastos_TransferenciasDeCapital,lenloc3-econ-gast-cuentas:EconomicaGastos_ActivosFinancieros,lenloc3-econ-gast-cuentas:EconomicaGastos_PasivosFinancieros
L_PR,230,Administración General de servicios sociales.,lenloc3-prog-cuentas:AdministracionGeneralDeServiciosSociales,lenloc3-econ-gast-cuentas:GastosDePersonal,lenloc3-econ-gast-cuentas:GastosCorrientesEnBienesYServicios,lenloc3-econ-gast-cuentas:GastosFinancieros,lenloc3-econ-gast-cuentas:TransferenciasCorrientes,lenloc3-econ-gast-cuentas:FondoDeContingenciaYOtrosImprevistos,lenloc3-econ-gast-cuentas:InversionesReales,lenloc3-econ-gast-cuentas:EconomicaGastos_TransferenciasDeCapital,lenloc3-econ-gast-cuentas:EconomicaGastos_ActivosFinancieros,lenloc3-econ-gast-cuentas:EconomicaGastos_PasivosFinancieros
L_PR,231,Acción social,lenloc3-prog-cuentas:Programas_ActuacionesDeProteccionYPromocionSocial_ServiciosSocialesYPromocionSocial_AccionSocial,lenloc3-econ-gast-cuentas:GastosDePersonal,lenloc3-econ-gast-cuentas:GastosCorrientesEnBienesYServicios,lenloc3-econ-gast-cuentas:GastosFinancieros,lenloc3-econ-gast-cuentas:TransferenciasCorrientes,lenloc3-econ-gast-cuentas:FondoDeContingenciaYOtrosImprevistos,lenloc3-econ-gast-cuentas:InversionesReales,lenloc3-econ-gast-cuentas:EconomicaGastos_TransferenciasDeCapital,lenloc3-econ-gast-cuentas:EconomicaGastos_ActivosFinancieros,lenloc3-econ-gast-cuentas:EconomicaGastos_PasivosFinancieros
L_PR,232,Promoción social,lenloc3-prog-cuentas:PromocionSocial,lenloc3-econ-gast-cuentas:GastosDePersonal,lenloc3-econ-gast-cuentas:GastosCorrientesEnBienesYServicios,lenloc3-econ-gast-cuentas:GastosFinancieros,lenloc3-econ-gast-cuentas:TransferenciasCorrientes,lenloc3-econ-gast-cuentas:FondoDeContingenciaYOtrosImprevistos,lenloc3-econ-gast-cuentas:InversionesReales,lenloc3-econ-gast-cuentas:EconomicaGastos_TransferenciasDeCapital,lenloc3-econ-gast-cuentas:EconomicaGastos_ActivosFinancieros,lenloc3-econ-gast-cuentas:EconomicaGastos_PasivosFinancieros
L_PR,233,Asistencia a personas dependientes,lenloc3-prog-cuentas:AsistenciaAPersonasDependientes,lenloc3-econ-gast-cuentas:GastosDePersonal,lenloc3-econ-gast-cuentas:GastosCorrientesEnBienesYServicios,lenloc3-econ-gast-cuentas:GastosFinancieros,lenloc3-econ-gast-cuentas:TransferenciasCorrientes,lenloc3-econ-gast-cuentas:FondoDeContingenciaYOtrosImprevistos,lenloc3-econ-gast-cuentas:InversionesReales,lenloc3-econ-gast-cuentas:EconomicaGastos_TransferenciasDeCapital,lenloc3-econ-gast-cuentas:EconomicaGastos_ActivosFinancieros,lenloc3-econ-gast-cuentas:EconomicaGastos_PasivosFinancieros
L_PR,24,Fomento del Empleo,lenloc3-prog-cuentas:FomentoDelEmpleo,lenloc3-econ-gast-cuentas:GastosDePersonal,lenloc3-econ-gast-cuentas:GastosCorrientesEnBienesYServicios,lenloc3-econ-gast-cuentas:GastosFinancieros,lenloc3-econ-gast-cuentas:TransferenciasCorrientes,lenloc3-econ-gast-cuentas:FondoDeContingenciaYOtrosImprevistos,lenloc3-econ-gast-cuentas:InversionesReales,lenloc3-econ-gast-cuentas:EconomicaGastos_TransferenciasDeCapital,lenloc3-econ-gast-cuentas:EconomicaGastos_ActivosFinancieros,lenloc3-econ-gast-cuentas:EconomicaGastos_PasivosFinancieros
L_PR,241,Fomento del Empleo,lenloc3-prog-cuentas:FomentoDelEmpleo_FomentoDelEmpleo,lenloc3-econ-gast-cuentas:GastosDePersonal,lenloc3-econ-gast-cuentas:GastosCorrientesEnBienesYServicios,lenloc3-econ-gast-cuentas:GastosFinancieros,lenloc3-econ-gast-cuentas:TransferenciasCorrientes,lenloc3-econ-gast-cuentas:FondoDeContingenciaYOtrosImprevistos,lenloc3-econ-gast-cuentas:InversionesReales,lenloc3-econ-gast-cuentas:EconomicaGastos_TransferenciasDeCapital,lenloc3-econ-gast-cuentas:EconomicaGastos_ActivosFinancieros,lenloc3-econ-gast-cuentas:EconomicaGastos_PasivosFinancieros
L_PR,3,PRODUCCIÓN DE BIENES PÚBLICOS DE CARÁCTER PREFERENTE,lenloc3-prog-cuentas:ProduccionDeBienesPublicosDeCaracterPreferente,lenloc3-econ-gast-cuentas:GastosDePersonal,lenloc3-econ-gast-cuentas:GastosCorrientesEnBienesYServicios,lenloc3-econ-gast-cuentas:GastosFinancieros,lenloc3-econ-gast-cuentas:TransferenciasCorrientes,lenloc3-econ-gast-cuentas:FondoDeContingenciaYOtrosImprevistos,lenloc3-econ-gast-cuentas:InversionesReales,lenloc3-econ-gast-cuentas:EconomicaGastos_TransferenciasDeCapital,lenloc3-econ-gast-cuentas:EconomicaGastos_ActivosFinancieros,lenloc3-econ-gast-cuentas:EconomicaGastos_PasivosFinancieros
L_PR,31,Sanidad,lenloc3-prog-cuentas:Sanidad,lenloc3-econ-gast-cuentas:GastosDePersonal,lenloc3-econ-gast-cuentas:GastosCorrientesEnBienesYServicios,lenloc3-econ-gast-cuentas:GastosFinancieros,lenloc3-econ-gast-cuentas:TransferenciasCorrientes,lenloc3-econ-gast-cuentas:FondoDeContingenciaYOtrosImprevistos,lenloc3-econ-gast-cuentas:InversionesReales,lenloc3-econ-gast-cuentas:EconomicaGastos_TransferenciasDeCapital,lenloc3-econ-gast-cuentas:EconomicaGastos_ActivosFinancieros,lenloc3-econ-gast-cuentas:EconomicaGastos_PasivosFinancieros
L_PR,312,"Hospitales, servicios asistenciales y centros de salud.",lenloc3-prog-cuentas:HospitalesServiciosAsistencialesYCentrosDeSalud,lenloc3-econ-gast-cuentas:GastosDePersonal,lenloc3-econ-gast-cuentas:GastosCorrientesEnBienesYServicios,lenloc3-econ-gast-cuentas:GastosFinancieros,lenloc3-econ-gast-cuentas:TransferenciasCorrientes,lenloc3-econ-gast-cuentas:FondoDeContingenciaYOtrosImprevistos,lenloc3-econ-gast-cuentas:InversionesReales,lenloc3-econ-gast-cuentas:EconomicaGastos_TransferenciasDeCapital,lenloc3-econ-gast-cuentas:EconomicaGastos_ActivosFinancieros,lenloc3-econ-gast-cuentas:EconomicaGastos_PasivosFinancieros
L_PR,313,Acciones públicas relativas a la salud.,lenloc3-prog-cuentas:AccionesPublicasRelativasALaSalud,lenloc3-econ-gast-cuentas:GastosDePersonal,lenloc3-econ-gast-cuentas:GastosCorrientesEnBienesYServicios,lenloc3-econ-gast-cuentas:GastosFinancieros,lenloc3-econ-gast-cuentas:TransferenciasCorrientes,lenloc3-econ-gast-cuentas:FondoDeContingenciaYOtrosImprevistos,lenloc3-econ-gast-cuentas:InversionesReales,lenloc3-econ-gast-cuentas:EconomicaGastos_TransferenciasDeCapital,lenloc3-econ-gast-cuentas:EconomicaGastos_ActivosFinancieros,lenloc3-econ-gast-cuentas:EconomicaGastos_PasivosFinancieros
L_PR,32,Educación,lenloc3-prog-cuentas:Educacion,lenloc3-econ-gast-cuentas:GastosDePersonal,lenloc3-econ-gast-cuentas:GastosCorrientesEnBienesYServicios,lenloc3-econ-gast-cuentas:GastosFinancieros,lenloc3-econ-gast-cuentas:TransferenciasCorrientes,lenloc3-econ-gast-cuentas:FondoDeContingenciaYOtrosImprevistos,lenloc3-econ-gast-cuentas:InversionesReales,lenloc3-econ-gast-cuentas:EconomicaGastos_TransferenciasDeCapital,lenloc3-econ-gast-cuentas:EconomicaGastos_ActivosFinancieros,lenloc3-econ-gast-cuentas:EconomicaGastos_PasivosFinancieros
L_PR,320,Administración general de educación,lenloc3-prog-cuentas:AdministracionGeneralDeEducacion,lenloc3-econ-gast-cuentas:GastosDePersonal,lenloc3-econ-gast-cuentas:GastosCorrientesEnBienesYServicios,lenloc3-econ-gast-cuentas:GastosFinancieros,lenloc3-econ-gast-cuentas:TransferenciasCorrientes,lenloc3-econ-gast-cuentas:FondoDeContingenciaYOtrosImprevistos,lenloc3-econ-gast-cuentas:InversionesReales,lenloc3-econ-gast-cuentas:EconomicaGastos_TransferenciasDeCapital,lenloc3-econ-gast-cuentas:EconomicaGastos_ActivosFinancieros,lenloc3-econ-gast-cuentas:EconomicaGastos_PasivosFinancieros
L_PR,321,Enseñanza preescolar y primaria,lenloc3-prog-cuentas:EnsenanzaPreescolarYPrimaria,lenloc3-econ-gast-cuentas:GastosDePersonal,lenloc3-econ-gast-cuentas:GastosCorrientesEnBienesYServicios,lenloc3-econ-gast-cuentas:GastosFinancieros,lenloc3-econ-gast-cuentas:TransferenciasCorrientes,lenloc3-econ-gast-cuentas:FondoDeContingenciaYOtrosImprevistos,lenloc3-econ-gast-cuentas:InversionesReales,lenloc3-econ-gast-cuentas:EconomicaGastos_TransferenciasDeCapital,lenloc3-econ-gast-cuentas:EconomicaGastos_ActivosFinancieros,lenloc3-econ-gast-cuentas:EconomicaGastos_PasivosFinancieros
L_PR,322,Enseñanza secundaria,lenloc3-prog-cuentas:EnsenanzaSecundaria,lenloc3-econ-gast-cuentas:GastosDePersonal,lenloc3-econ-gast-cuentas:GastosCorrientesEnBienesYServicios,lenloc3-econ-gast-cuentas:GastosFinancieros,lenloc3-econ-gast-cuentas:TransferenciasCorrientes,lenloc3-econ-gast-cuentas:FondoDeContingenciaYOtrosImprevistos,lenloc3-econ-gast-cuentas:InversionesReales,lenloc3-econ-gast-cuentas:EconomicaGastos_TransferenciasDeCapital,lenloc3-econ-gast-cuentas:EconomicaGastos_ActivosFinancieros,lenloc3-econ-gast-cuentas:EconomicaGastos_PasivosFinancieros
L_PR,323,Promoción educativa,lenloc3-prog-cuentas:PromocionEducativa,lenloc3-econ-gast-cuentas:GastosDePersonal,lenloc3-econ-gast-cuentas:GastosCorrientesEnBienesYServicios,lenloc3-econ-gast-cuentas:GastosFinancieros,lenloc3-econ-gast-cuentas:TransferenciasCorrientes,lenloc3-econ-gast-cuentas:FondoDeContingenciaYOtrosImprevistos,lenloc3-econ-gast-cuentas:InversionesReales,lenloc3-econ-gast-cuentas:EconomicaGastos_TransferenciasDeCapital,lenloc3-econ-gast-cuentas:EconomicaGastos_ActivosFinancieros,lenloc3-econ-gast-cuentas:EconomicaGastos_PasivosFinancieros
L_PR,324,Servicios complementarios de educación,lenloc3-prog-cuentas:ServiciosComplementariosDeEducacion,lenloc3-econ-gast-cuentas:GastosDePersonal,lenloc3-econ-gast-cuentas:GastosCorrientesEnBienesYServicios,lenloc3-econ-gast-cuentas:GastosFinancieros,lenloc3-econ-gast-cuentas:TransferenciasCorrientes,lenloc3-econ-gast-cuentas:FondoDeContingenciaYOtrosImprevistos,lenloc3-econ-gast-cuentas:InversionesReales,lenloc3-econ-gast-cuentas:EconomicaGastos_TransferenciasDeCapital,lenloc3-econ-gast-cuentas:EconomicaGastos_ActivosFinancieros,lenloc3-econ-gast-cuentas:EconomicaGastos_PasivosFinancieros
L_PR,33,Cultura,lenloc3-prog-cuentas:Cultura,lenloc3-econ-gast-cuentas:GastosDePersonal,lenloc3-econ-gast-cuentas:GastosCorrientesEnBienesYServicios,lenloc3-econ-gast-cuentas:GastosFinancieros,lenloc3-econ-gast-cuentas:TransferenciasCorrientes,lenloc3-econ-gast-cuentas:FondoDeContingenciaYOtrosImprevistos,lenloc3-econ-gast-cuentas:InversionesReales,lenloc3-econ-gast-cuentas:EconomicaGastos_TransferenciasDeCapital,lenloc3-econ-gast-cuentas:EconomicaGastos_ActivosFinancieros,lenloc3-econ-gast-cuentas:EconomicaGastos_PasivosFinancieros
L_PR,330,Administración General de Cultura,lenloc3-prog-cuentas:AdministracionGeneralDeCultura,lenloc3-econ-gast-cuentas:GastosDePersonal,lenloc3-econ-gast-cuentas:GastosCorrientesEnBienesYServicios,lenloc3-econ-gast-cuentas:GastosFinancieros,lenloc3-econ-gast-cuentas:TransferenciasCorrientes,lenloc3-econ-gast-cuentas:FondoDeContingenciaYOtrosImprevistos,lenloc3-econ-gast-cuentas:InversionesReales,lenloc3-econ-gast-cuentas:EconomicaGastos_TransferenciasDeCapital,lenloc3-econ-gast-cuentas:EconomicaGastos_ActivosFinancieros,lenloc3-econ-gast-cuentas:EconomicaGastos_PasivosFinancieros
L_PR,332,Bibliotecas y Archivos,lenloc3-prog-cuentas:BibliotecasYArchivos,lenloc3-econ-gast-cuentas:GastosDePersonal,lenloc3-econ-gast-cuentas:GastosCorrientesEnBienesYServicios,lenloc3-econ-gast-cuentas:GastosFinancieros,lenloc3-econ-gast-cuentas:TransferenciasCorrientes,lenloc3-econ-gast-cuentas:FondoDeContingenciaYOtrosImprevistos,lenloc3-econ-gast-cuentas:InversionesReales,lenloc3-econ-gast-cuentas:EconomicaGastos_TransferenciasDeCapital,lenloc3-econ-gast-cuentas:EconomicaGastos_ActivosFinancieros,lenloc3-econ-gast-cuentas:EconomicaGastos_PasivosFinancieros
L_PR,333,Museos y Artes Plásticas,lenloc3-prog-cuentas:MuseosYArtesPlasticas,lenloc3-econ-gast-cuentas:GastosDePersonal,lenloc3-econ-gast-cuentas:GastosCorrientesEnBienesYServicios,lenloc3-econ-gast-cuentas:GastosFinancieros,lenloc3-econ-gast-cuentas:TransferenciasCorrientes,lenloc3-econ-gast-cuentas:FondoDeContingenciaYOtrosImprevistos,lenloc3-econ-gast-cuentas:InversionesReales,lenloc3-econ-gast-cuentas:EconomicaGastos_TransferenciasDeCapital,lenloc3-econ-gast-cuentas:EconomicaGastos_ActivosFinancieros,lenloc3-econ-gast-cuentas:EconomicaGastos_PasivosFinancieros
L_PR,334,Promoción cultural,lenloc3-prog-cuentas:PromocionCultural,lenloc3-econ-gast-cuentas:GastosDePersonal,lenloc3-econ-gast-cuentas:GastosCorrientesEnBienesYServicios,lenloc3-econ-gast-cuentas:GastosFinancieros,lenloc3-econ-gast-cuentas:TransferenciasCorrientes,lenloc3-econ-gast-cuentas:FondoDeContingenciaYOtrosImprevistos,lenloc3-econ-gast-cuentas:InversionesReales,lenloc3-econ-gast-cuentas:EconomicaGastos_TransferenciasDeCapital,lenloc3-econ-gast-cuentas:EconomicaGastos_ActivosFinancieros,lenloc3-econ-gast-cuentas:EconomicaGastos_PasivosFinancieros
L_PR,335,Artes escénicas,lenloc3-prog-cuentas:ArtesEscenicas,lenloc3-econ-gast-cuentas:GastosDePersonal,lenloc3-econ-gast-cuentas:GastosCorrientesEnBienesYServicios,lenloc3-econ-gast-cuentas:GastosFinancieros,lenloc3-econ-gast-cuentas:TransferenciasCorrientes,lenloc3-econ-gast-cuentas:FondoDeContingenciaYOtrosImprevistos,lenloc3-econ-gast-cuentas:InversionesReales,lenloc3-econ-gast-cuentas:EconomicaGastos_TransferenciasDeCapital,lenloc3-econ-gast-cuentas:EconomicaGastos_ActivosFinancieros,lenloc3-econ-gast-cuentas:EconomicaGastos_PasivosFinancieros
L_PR,336,Arqueología y protección del Patrimonio Histórico-Artístico,lenloc3-prog-cuentas:ArqueologiaYProteccionDelPatrimonioHistorico-artistico,lenloc3-econ-gast-cuentas:GastosDePersonal,lenloc3-econ-gast-cuentas:GastosCorrientesEnBienesYServicios,lenloc3-econ-gast-cuentas:GastosFinancieros,lenloc3-econ-gast-cuentas:TransferenciasCorrientes,lenloc3-econ-gast-cuentas:FondoDeContingenciaYOtrosImprevistos,lenloc3-econ-gast-cuentas:InversionesReales,lenloc3-econ-gast-cuentas:EconomicaGastos_TransferenciasDeCapital,lenloc3-econ-gast-cuentas:EconomicaGastos_ActivosFinancieros,lenloc3-econ-gast-cuentas:EconomicaGastos_PasivosFinancieros
L_PR,337,Ocio y tiempo libre,lenloc3-prog-cuentas:OcioYTiempoLibre,lenloc3-econ-gast-cuentas:GastosDePersonal,lenloc3-econ-gast-cuentas:GastosCorrientesEnBienesYServicios,lenloc3-econ-gast-cuentas:GastosFinancieros,lenloc3-econ-gast-cuentas:TransferenciasCorrientes,lenloc3-econ-gast-cuentas:FondoDeContingenciaYOtrosImprevistos,lenloc3-econ-gast-cuentas:InversionesReales,lenloc3-econ-gast-cuentas:EconomicaGastos_TransferenciasDeCapital,lenloc3-econ-gast-cuentas:EconomicaGastos_ActivosFinancieros,lenloc3-econ-gast-cuentas:EconomicaGastos_PasivosFinancieros
L_PR,338,Fiestas populares y festejos,lenloc3-prog-cuentas:FiestasPopularesYFestejos,lenloc3-econ-gast-cuentas:GastosDePersonal,lenloc3-econ-gast-cuentas:GastosCorrientesEnBienesYServicios,lenloc3-econ-gast-cuentas:GastosFinancieros,lenloc3-econ-gast-cuentas:TransferenciasCorrientes,lenloc3-econ-gast-cuentas:FondoDeContingenciaYOtrosImprevistos,lenloc3-econ-gast-cuentas:InversionesReales,lenloc3-econ-gast-cuentas:EconomicaGastos_TransferenciasDeCapital,lenloc3-econ-gast-cuentas:EconomicaGastos_ActivosFinancieros,lenloc3-econ-gast-cuentas:EconomicaGastos_PasivosFinancieros
L_PR,34,Deporte,lenloc3-prog-cuentas:Deporte,lenloc3-econ-gast-cuentas:GastosDePersonal,lenloc3-econ-gast-cuentas:GastosCorrientesEnBienesYServicios,lenloc3-econ-gast-cuentas:GastosFinancieros,lenloc3-econ-gast-cuentas:TransferenciasCorrientes,lenloc3-econ-gast-cuentas:FondoDeContingenciaYOtrosImprevistos,lenloc3-econ-gast-cuentas:InversionesReales,lenloc3-econ-gast-cuentas:EconomicaGastos_TransferenciasDeCapital,lenloc3-econ-gast-cuentas:EconomicaGastos_ActivosFinancieros,lenloc3-econ-gast-cuentas:EconomicaGastos_PasivosFinancieros
L_PR,340,Administración General de Deportes.,lenloc3-prog-cuentas:AdministracionGeneralDeDeportes,lenloc3-econ-gast-cuentas:GastosDePersonal,lenloc3-econ-gast-cuentas:GastosCorrientesEnBienesYServicios,lenloc3-econ-gast-cuentas:GastosFinancieros,lenloc3-econ-gast-cuentas:TransferenciasCorrientes,lenloc3-econ-gast-cuentas:FondoDeContingenciaYOtrosImprevistos,lenloc3-econ-gast-cuentas:InversionesReales,lenloc3-econ-gast-cuentas:EconomicaGastos_TransferenciasDeCapital,lenloc3-econ-gast-cuentas:EconomicaGastos_ActivosFinancieros,lenloc3-econ-gast-cuentas:EconomicaGastos_PasivosFinancieros
L_PR,341,Promoción y fomento del deporte.,lenloc3-prog-cuentas:PromocionYFomentoDelDeporte,lenloc3-econ-gast-cuentas:GastosDePersonal,lenloc3-econ-gast-cuentas:GastosCorrientesEnBienesYServicios,lenloc3-econ-gast-cuentas:GastosFinancieros,lenloc3-econ-gast-cuentas:TransferenciasCorrientes,lenloc3-econ-gast-cuentas:FondoDeContingenciaYOtrosImprevistos,lenloc3-econ-gast-cuentas:InversionesReales,lenloc3-econ-gast-cuentas:EconomicaGastos_TransferenciasDeCapital,lenloc3-econ-gast-cuentas:EconomicaGastos_ActivosFinancieros,lenloc3-econ-gast-cuentas:EconomicaGastos_PasivosFinancieros
L_PR,342,Instalaciones deportivas.,lenloc3-prog-cuentas:InstalacionesDeportivas,lenloc3-econ-gast-cuentas:GastosDePersonal,lenloc3-econ-gast-cuentas:GastosCorrientesEnBienesYServicios,lenloc3-econ-gast-cuentas:GastosFinancieros,lenloc3-econ-gast-cuentas:TransferenciasCorrientes,lenloc3-econ-gast-cuentas:FondoDeContingenciaYOtrosImprevistos,lenloc3-econ-gast-cuentas:InversionesReales,lenloc3-econ-gast-cuentas:EconomicaGastos_TransferenciasDeCapital,lenloc3-econ-gast-cuentas:EconomicaGastos_ActivosFinancieros,lenloc3-econ-gast-cuentas:EconomicaGastos_PasivosFinancieros
L_PR,4,ACTUACIONES DE CARÁCTER ECONÓMICO,lenloc3-prog-cuentas:ActuacionesDeCaracterEconomico,lenloc3-econ-gast-cuentas:GastosDePersonal,lenloc3-econ-gast-cuentas:GastosCorrientesEnBienesYServicios,lenloc3-econ-gast-cuentas:GastosFinancieros,lenloc3-econ-gast-cuentas:TransferenciasCorrientes,lenloc3-econ-gast-cuentas:FondoDeContingenciaYOtrosImprevistos,lenloc3-econ-gast-cuentas:InversionesReales,lenloc3-econ-gast-cuentas:EconomicaGastos_TransferenciasDeCapital,lenloc3-econ-gast-cuentas:EconomicaGastos_ActivosFinancieros,lenloc3-econ-gast-cuentas:EconomicaGastos_PasivosFinancieros
L_PR,41,"Agricultura, Ganadería y Pesca",lenloc3-prog-cuentas:AgriculturaGanaderiaYPesca,lenloc3-econ-gast-cuentas:GastosDePersonal,lenloc3-econ-gast-cuentas:GastosCorrientesEnBienesYServicios,lenloc3-econ-gast-cuentas:GastosFinancieros,lenloc3-econ-gast-cuentas:TransferenciasCorrientes,lenloc3-econ-gast-cuentas:FondoDeContingenciaYOtrosImprevistos,lenloc3-econ-gast-cuentas:InversionesReales,lenloc3-econ-gast-cuentas:EconomicaGastos_TransferenciasDeCapital,lenloc3-econ-gast-cuentas:EconomicaGastos_ActivosFinancieros,lenloc3-econ-gast-cuentas:EconomicaGastos_PasivosFinancieros
L_PR,410,"Administración General de Agricultura, Ganadería y Pesca",lenloc3-prog-cuentas:AdministracionGeneralDeAgriculturaGanaderiaYPesca,lenloc3-econ-gast-cuentas:GastosDePersonal,lenloc3-econ-gast-cuentas:GastosCorrientesEnBienesYServicios,lenloc3-econ-gast-cuentas:GastosFinancieros,lenloc3-econ-gast-cuentas:TransferenciasCorrientes,lenloc3-econ-gast-cuentas:FondoDeContingenciaYOtrosImprevistos,lenloc3-econ-gast-cuentas:InversionesReales,lenloc3-econ-gast-cuentas:EconomicaGastos_TransferenciasDeCapital,lenloc3-econ-gast-cuentas:EconomicaGastos_ActivosFinancieros,lenloc3-econ-gast-cuentas:EconomicaGastos_PasivosFinancieros
L_PR,412,Mejora de las estructuras agropecuarias y de los sistemas productivos,lenloc3-prog-cuentas:MejoraDeLasEstructurasAgropecuariasYDeLosSistemasProductivos,lenloc3-econ-gast-cuentas:GastosDePersonal,lenloc3-econ-gast-cuentas:GastosCorrientesEnBienesYServicios,lenloc3-econ-gast-cuentas:GastosFinancieros,lenloc3-econ-gast-cuentas:TransferenciasCorrientes,lenloc3-econ-gast-cuentas:FondoDeContingenciaYOtrosImprevistos,lenloc3-econ-gast-cuentas:InversionesReales,lenloc3-econ-gast-cuentas:EconomicaGastos_TransferenciasDeCapital,lenloc3-econ-gast-cuentas:EconomicaGastos_ActivosFinancieros,lenloc3-econ-gast-cuentas:EconomicaGastos_PasivosFinancieros
L_PR,414,Desarrollo rural,lenloc3-prog-cuentas:DesarrolloRural,lenloc3-econ-gast-cuentas:GastosDePersonal,lenloc3-econ-gast-cuentas:GastosCorrientesEnBienesYServicios,lenloc3-econ-gast-cuentas:GastosFinancieros,lenloc3-econ-gast-cuentas:TransferenciasCorrientes,lenloc3-econ-gast-cuentas:FondoDeContingenciaYOtrosImprevistos,lenloc3-econ-gast-cuentas:InversionesReales,lenloc3-econ-gast-cuentas:EconomicaGastos_TransferenciasDeCapital,lenloc3-econ-gast-cuentas:EconomicaGastos_ActivosFinancieros,lenloc3-econ-gast-cuentas:EconomicaGastos_PasivosFinancieros
L_PR,415,Protección y desarrollo de los recursos pesqueros.,lenloc3-prog-cuentas:ProteccionYDesarrolloDeLosRecursosPesqueros,lenloc3-econ-gast-cuentas:GastosDePersonal,lenloc3-econ-gast-cuentas:GastosCorrientesEnBienesYServicios,lenloc3-econ-gast-cuentas:GastosFinancieros,lenloc3-econ-gast-cuentas:TransferenciasCorrientes,lenloc3-econ-gast-cuentas:FondoDeContingenciaYOtrosImprevistos,lenloc3-econ-gast-cuentas:InversionesReales,lenloc3-econ-gast-cuentas:EconomicaGastos_TransferenciasDeCapital,lenloc3-econ-gast-cuentas:EconomicaGastos_ActivosFinancieros,lenloc3-econ-gast-cuentas:EconomicaGastos_PasivosFinancieros
L_PR,419,"Otras actuaciones en agricultura, ganadería y pesca",lenloc3-prog-cuentas:OtrasActuacionesEnAgriculturaGanaderiaYPesca,lenloc3-econ-gast-cuentas:GastosDePersonal,lenloc3-econ-gast-cuentas:GastosCorrientesEnBienesYServicios,lenloc3-econ-gast-cuentas:GastosFinancieros,lenloc3-econ-gast-cuentas:TransferenciasCorrientes,lenloc3-econ-gast-cuentas:FondoDeContingenciaYOtrosImprevistos,lenloc3-econ-gast-cuentas:InversionesReales,lenloc3-econ-gast-cuentas:EconomicaGastos_TransferenciasDeCapital,lenloc3-econ-gast-cuentas:EconomicaGastos_ActivosFinancieros,lenloc3-econ-gast-cuentas:EconomicaGastos_PasivosFinancieros
L_PR,42,Industria y energía,lenloc3-prog-cuentas:IndustriaYEnergia,lenloc3-econ-gast-cuentas:GastosDePersonal,lenloc3-econ-gast-cuentas:GastosCorrientesEnBienesYServicios,lenloc3-econ-gast-cuentas:GastosFinancieros,lenloc3-econ-gast-cuentas:TransferenciasCorrientes,lenloc3-econ-gast-cuentas:FondoDeContingenciaYOtrosImprevistos,lenloc3-econ-gast-cuentas:InversionesReales,lenloc3-econ-gast-cuentas:EconomicaGastos_TransferenciasDeCapital,lenloc3-econ-gast-cuentas:EconomicaGastos_ActivosFinancieros,lenloc3-econ-gast-cuentas:EconomicaGastos_PasivosFinancieros
L_PR,420,Administración General de Industria y energía,lenloc3-prog-cuentas:AdministracionGeneralDeIndustriaYEnergia,lenloc3-econ-gast-cuentas:GastosDePersonal,lenloc3-econ-gast-cuentas:GastosCorrientesEnBienesYServicios,lenloc3-econ-gast-cuentas:GastosFinancieros,lenloc3-econ-gast-cuentas:TransferenciasCorrientes,lenloc3-econ-gast-cuentas:FondoDeContingenciaYOtrosImprevistos,lenloc3-econ-gast-cuentas:InversionesReales,lenloc3-econ-gast-cuentas:EconomicaGastos_TransferenciasDeCapital,lenloc3-econ-gast-cuentas:EconomicaGastos_ActivosFinancieros,lenloc3-econ-gast-cuentas:EconomicaGastos_PasivosFinancieros
L_PR,422,Industria,lenloc3-prog-cuentas:Industria,lenloc3-econ-gast-cuentas:GastosDePersonal,lenloc3-econ-gast-cuentas:GastosCorrientesEnBienesYServicios,lenloc3-econ-gast-cuentas:GastosFinancieros,lenloc3-econ-gast-cuentas:TransferenciasCorrientes,lenloc3-econ-gast-cuentas:FondoDeContingenciaYOtrosImprevistos,lenloc3-econ-gast-cuentas:InversionesReales,lenloc3-econ-gast-cuentas:EconomicaGastos_TransferenciasDeCapital,lenloc3-econ-gast-cuentas:EconomicaGastos_ActivosFinancieros,lenloc3-econ-gast-cuentas:EconomicaGastos_PasivosFinancieros
L_PR,423,Minería,lenloc3-prog-cuentas:Mineria,lenloc3-econ-gast-cuentas:GastosDePersonal,lenloc3-econ-gast-cuentas:GastosCorrientesEnBienesYServicios,lenloc3-econ-gast-cuentas:GastosFinancieros,lenloc3-econ-gast-cuentas:TransferenciasCorrientes,lenloc3-econ-gast-cuentas:FondoDeContingenciaYOtrosImprevistos,lenloc3-econ-gast-cuentas:InversionesReales,lenloc3-econ-gast-cuentas:EconomicaGastos_TransferenciasDeCapital,lenloc3-econ-gast-cuentas:EconomicaGastos_ActivosFinancieros,lenloc3-econ-gast-cuentas:EconomicaGastos_PasivosFinancieros
L_PR,425,Energía,lenloc3-prog-cuentas:Energia,lenloc3-econ-gast-cuentas:GastosDePersonal,lenloc3-econ-gast-cuentas:GastosCorrientesEnBienesYServicios,lenloc3-econ-gast-cuentas:GastosFinancieros,lenloc3-econ-gast-cuentas:TransferenciasCorrientes,lenloc3-econ-gast-cuentas:FondoDeContingenciaYOtrosImprevistos,lenloc3-econ-gast-cuentas:InversionesReales,lenloc3-econ-gast-cuentas:EconomicaGastos_TransferenciasDeCapital,lenloc3-econ-gast-cuentas:EconomicaGastos_ActivosFinancieros,lenloc3-econ-gast-cuentas:EconomicaGastos_PasivosFinancieros
L_PR,43,"Comercio, turismo y pequeñas y medianas empresas",lenloc3-prog-cuentas:ComercioTurismoYPequenasYMedianasEmpresas,lenloc3-econ-gast-cuentas:GastosDePersonal,lenloc3-econ-gast-cuentas:GastosCorrientesEnBienesYServicios,lenloc3-econ-gast-cuentas:GastosFinancieros,lenloc3-econ-gast-cuentas:TransferenciasCorrientes,lenloc3-econ-gast-cuentas:FondoDeContingenciaYOtrosImprevistos,lenloc3-econ-gast-cuentas:InversionesReales,lenloc3-econ-gast-cuentas:EconomicaGastos_TransferenciasDeCapital,lenloc3-econ-gast-cuentas:EconomicaGastos_ActivosFinancieros,lenloc3-econ-gast-cuentas:EconomicaGastos_PasivosFinancieros
L_PR,430,"Administración General de Comercio, turismo y pequeñas y medianas empresas",lenloc3-prog-cuentas:AdministracionGeneralDeComercioTurismoYPequenasYMedianasEmpresas,lenloc3-econ-gast-cuentas:GastosDePersonal,lenloc3-econ-gast-cuentas:GastosCorrientesEnBienesYServicios,lenloc3-econ-gast-cuentas:GastosFinancieros,lenloc3-econ-gast-cuentas:TransferenciasCorrientes,lenloc3-econ-gast-cuentas:FondoDeContingenciaYOtrosImprevistos,lenloc3-econ-gast-cuentas:InversionesReales,lenloc3-econ-gast-cuentas:EconomicaGastos_TransferenciasDeCapital,lenloc3-econ-gast-cuentas:EconomicaGastos_ActivosFinancieros,lenloc3-econ-gast-cuentas:EconomicaGastos_PasivosFinancieros
L_PR,431,Comercio,lenloc3-prog-cuentas:Comercio,lenloc3-econ-gast-cuentas:GastosDePersonal,lenloc3-econ-gast-cuentas:GastosCorrientesEnBienesYServicios,lenloc3-econ-gast-cuentas:GastosFinancieros,lenloc3-econ-gast-cuentas:TransferenciasCorrientes,lenloc3-econ-gast-cuentas:FondoDeContingenciaYOtrosImprevistos,lenloc3-econ-gast-cuentas:InversionesReales,lenloc3-econ-gast-cuentas:EconomicaGastos_TransferenciasDeCapital,lenloc3-econ-gast-cuentas:EconomicaGastos_ActivosFinancieros,lenloc3-econ-gast-cuentas:EconomicaGastos_PasivosFinancieros
L_PR,432,Ordenación y promoción turística,lenloc3-prog-cuentas:OrdenacionYPromocionTuristica,lenloc3-econ-gast-cuentas:GastosDePersonal,lenloc3-econ-gast-cuentas:GastosCorrientesEnBienesYServicios,lenloc3-econ-gast-cuentas:GastosFinancieros,lenloc3-econ-gast-cuentas:TransferenciasCorrientes,lenloc3-econ-gast-cuentas:FondoDeContingenciaYOtrosImprevistos,lenloc3-econ-gast-cuentas:InversionesReales,lenloc3-econ-gast-cuentas:EconomicaGastos_TransferenciasDeCapital,lenloc3-econ-gast-cuentas:EconomicaGastos_ActivosFinancieros,lenloc3-econ-gast-cuentas:EconomicaGastos_PasivosFinancieros
L_PR,433,Desarrollo empresarial,lenloc3-prog-cuentas:DesarrolloEmpresarial,lenloc3-econ-gast-cuentas:GastosDePersonal,lenloc3-econ-gast-cuentas:GastosCorrientesEnBienesYServicios,lenloc3-econ-gast-cuentas:GastosFinancieros,lenloc3-econ-gast-cuentas:TransferenciasCorrientes,lenloc3-econ-gast-cuentas:FondoDeContingenciaYOtrosImprevistos,lenloc3-econ-gast-cuentas:InversionesReales,lenloc3-econ-gast-cuentas:EconomicaGastos_TransferenciasDeCapital,lenloc3-econ-gast-cuentas:EconomicaGastos_ActivosFinancieros,lenloc3-econ-gast-cuentas:EconomicaGastos_PasivosFinancieros
L_PR,439,Otras actuaciones sectoriales,lenloc3-prog-cuentas:OtrasActuacionesSectoriales,lenloc3-econ-gast-cuentas:GastosDePersonal,lenloc3-econ-gast-cuentas:GastosCorrientesEnBienesYServicios,lenloc3-econ-gast-cuentas:GastosFinancieros,lenloc3-econ-gast-cuentas:TransferenciasCorrientes,lenloc3-econ-gast-cuentas:FondoDeContingenciaYOtrosImprevistos,lenloc3-econ-gast-cuentas:InversionesReales,lenloc3-econ-gast-cuentas:EconomicaGastos_TransferenciasDeCapital,lenloc3-econ-gast-cuentas:EconomicaGastos_ActivosFinancieros,lenloc3-econ-gast-cuentas:EconomicaGastos_PasivosFinancieros
L_PR,44,Transporte público,lenloc3-prog-cuentas:TransportePublico,lenloc3-econ-gast-cuentas:GastosDePersonal,lenloc3-econ-gast-cuentas:GastosCorrientesEnBienesYServicios,lenloc3-econ-gast-cuentas:GastosFinancieros,lenloc3-econ-gast-cuentas:TransferenciasCorrientes,lenloc3-econ-gast-cuentas:FondoDeContingenciaYOtrosImprevistos,lenloc3-econ-gast-cuentas:InversionesReales,lenloc3-econ-gast-cuentas:EconomicaGastos_TransferenciasDeCapital,lenloc3-econ-gast-cuentas:EconomicaGastos_ActivosFinancieros,lenloc3-econ-gast-cuentas:EconomicaGastos_PasivosFinancieros
L_PR,440,Administración general del transporte,lenloc3-prog-cuentas:AdministracionGeneralDelTransporte,lenloc3-econ-gast-cuentas:GastosDePersonal,lenloc3-econ-gast-cuentas:GastosCorrientesEnBienesYServicios,lenloc3-econ-gast-cuentas:GastosFinancieros,lenloc3-econ-gast-cuentas:TransferenciasCorrientes,lenloc3-econ-gast-cuentas:FondoDeContingenciaYOtrosImprevistos,lenloc3-econ-gast-cuentas:InversionesReales,lenloc3-econ-gast-cuentas:EconomicaGastos_TransferenciasDeCapital,lenloc3-econ-gast-cuentas:EconomicaGastos_ActivosFinancieros,lenloc3-econ-gast-cuentas:EconomicaGastos_PasivosFinancieros
L_PR,441,"Promoción, mantenimiento y desarrollo del transporte",lenloc3-prog-cuentas:PromocionMantenimientoYDesarrolloDelTransporte,lenloc3-econ-gast-cuentas:GastosDePersonal,lenloc3-econ-gast-cuentas:GastosCorrientesEnBienesYServicios,lenloc3-econ-gast-cuentas:GastosFinancieros,lenloc3-econ-gast-cuentas:TransferenciasCorrientes,lenloc3-econ-gast-cuentas:FondoDeContingenciaYOtrosImprevistos,lenloc3-econ-gast-cuentas:InversionesReales,lenloc3-econ-gast-cuentas:EconomicaGastos_TransferenciasDeCapital,lenloc3-econ-gast-cuentas:EconomicaGastos_ActivosFinancieros,lenloc3-econ-gast-cuentas:EconomicaGastos_PasivosFinancieros
L_PR,442,Infraestructuras del transporte,lenloc3-prog-cuentas:InfraestructurasDelTransporte,lenloc3-econ-gast-cuentas:GastosDePersonal,lenloc3-econ-gast-cuentas:GastosCorrientesEnBienesYServicios,lenloc3-econ-gast-cuentas:GastosFinancieros,lenloc3-econ-gast-cuentas:TransferenciasCorrientes,lenloc3-econ-gast-cuentas:FondoDeContingenciaYOtrosImprevistos,lenloc3-econ-gast-cuentas:InversionesReales,lenloc3-econ-gast-cuentas:EconomicaGastos_TransferenciasDeCapital,lenloc3-econ-gast-cuentas:EconomicaGastos_ActivosFinancieros,lenloc3-econ-gast-cuentas:EconomicaGastos_PasivosFinancieros
L_PR,45,Infraestructuras,lenloc3-prog-cuentas:Infraestructuras,lenloc3-econ-gast-cuentas:GastosDePersonal,lenloc3-econ-gast-cuentas:GastosCorrientesEnBienesYServicios,lenloc3-econ-gast-cuentas:GastosFinancieros,lenloc3-econ-gast-cuentas:TransferenciasCorrientes,lenloc3-econ-gast-cuentas:FondoDeContingenciaYOtrosImprevistos,lenloc3-econ-gast-cuentas:InversionesReales,lenloc3-econ-gast-cuentas:EconomicaGastos_TransferenciasDeCapital,lenloc3-econ-gast-cuentas:EconomicaGastos_ActivosFinancieros,lenloc3-econ-gast-cuentas:EconomicaGastos_PasivosFinancieros
L_PR,450,Administración General de Infraestructuras,lenloc3-prog-cuentas:AdministracionGeneralDeInfraestructuras,lenloc3-econ-gast-cuentas:GastosDePersonal,lenloc3-econ-gast-cuentas:GastosCorrientesEnBienesYServicios,lenloc3-econ-gast-cuentas:GastosFinancieros,lenloc3-econ-gast-cuentas:TransferenciasCorrientes,lenloc3-econ-gast-cuentas:FondoDeContingenciaYOtrosImprevistos,lenloc3-econ-gast-cuentas:InversionesReales,lenloc3-econ-gast-cuentas:EconomicaGastos_TransferenciasDeCapital,lenloc3-econ-gast-cuentas:EconomicaGastos_ActivosFinancieros,lenloc3-econ-gast-cuentas:EconomicaGastos_PasivosFinancieros
L_PR,452,Recursos Hidráulicos,lenloc3-prog-cuentas:RecursosHidraulicos,lenloc3-econ-gast-cuentas:GastosDePersonal,lenloc3-econ-gast-cuentas:GastosCorrientesEnBienesYServicios,lenloc3-econ-gast-cuentas:GastosFinancieros,lenloc3-econ-gast-cuentas:TransferenciasCorrientes,lenloc3-econ-gast-cuentas:FondoDeContingenciaYOtrosImprevistos,lenloc3-econ-gast-cuentas:InversionesReales,lenloc3-econ-gast-cuentas:EconomicaGastos_TransferenciasDeCapital,lenloc3-econ-gast-cuentas:EconomicaGastos_ActivosFinancieros,lenloc3-econ-gast-cuentas:EconomicaGastos_PasivosFinancieros
L_PR,453,Carreteras,lenloc3-prog-cuentas:Carreteras,lenloc3-econ-gast-cuentas:GastosDePersonal,lenloc3-econ-gast-cuentas:GastosCorrientesEnBienesYServicios,lenloc3-econ-gast-cuentas:GastosFinancieros,lenloc3-econ-gast-cuentas:TransferenciasCorrientes,lenloc3-econ-gast-cuentas:FondoDeContingenciaYOtrosImprevistos,lenloc3-econ-gast-cuentas:InversionesReales,lenloc3-econ-gast-cuentas:EconomicaGastos_TransferenciasDeCapital,lenloc3-econ-gast-cuentas:EconomicaGastos_ActivosFinancieros,lenloc3-econ-gast-cuentas:EconomicaGastos_PasivosFinancieros
L_PR,454,Caminos vecinales.,lenloc3-prog-cuentas:CaminosVecinales,lenloc3-econ-gast-cuentas:GastosDePersonal,lenloc3-econ-gast-cuentas:GastosCorrientesEnBienesYServicios,lenloc3-econ-gast-cuentas:GastosFinancieros,lenloc3-econ-gast-cuentas:TransferenciasCorrientes,lenloc3-econ-gast-cuentas:FondoDeContingenciaYOtrosImprevistos,lenloc3-econ-gast-cuentas:InversionesReales,lenloc3-econ-gast-cuentas:EconomicaGastos_TransferenciasDeCapital,lenloc3-econ-gast-cuentas:EconomicaGastos_ActivosFinancieros,lenloc3-econ-gast-cuentas:EconomicaGastos_PasivosFinancieros
L_PR,459,Otras infraestructuras,lenloc3-prog-cuentas:OtrasInfraestructuras,lenloc3-econ-gast-cuentas:GastosDePersonal,lenloc3-econ-gast-cuentas:GastosCorrientesEnBienesYServicios,lenloc3-econ-gast-cuentas:GastosFinancieros,lenloc3-econ-gast-cuentas:TransferenciasCorrientes,lenloc3-econ-gast-cuentas:FondoDeContingenciaYOtrosImprevistos,lenloc3-econ-gast-cuentas:InversionesReales,lenloc3-econ-gast-cuentas:EconomicaGastos_TransferenciasDeCapital,lenloc3-econ-gast-cuentas:EconomicaGastos_ActivosFinancieros,lenloc3-econ-gast-cuentas:EconomicaGastos_PasivosFinancieros
L_PR,46,"Investigación, desarrollo e innovación",lenloc3-prog-cuentas:InvestigacionDesarrolloEInnovacion,lenloc3-econ-gast-cuentas:GastosDePersonal,lenloc3-econ-gast-cuentas:GastosCorrientesEnBienesYServicios,lenloc3-econ-gast-cuentas:GastosFinancieros,lenloc3-econ-gast-cuentas:TransferenciasCorrientes,lenloc3-econ-gast-cuentas:FondoDeContingenciaYOtrosImprevistos,lenloc3-econ-gast-cuentas:InversionesReales,lenloc3-econ-gast-cuentas:EconomicaGastos_TransferenciasDeCapital,lenloc3-econ-gast-cuentas:EconomicaGastos_ActivosFinancieros,lenloc3-econ-gast-cuentas:EconomicaGastos_PasivosFinancieros
L_PR,462,Investigación y estudios relacionados con los servicios públicos,lenloc3-prog-cuentas:InvestigacionYEstudiosRelacionadosConLosServiciosPublicos,lenloc3-econ-gast-cuentas:GastosDePersonal,lenloc3-econ-gast-cuentas:GastosCorrientesEnBienesYServicios,lenloc3-econ-gast-cuentas:GastosFinancieros,lenloc3-econ-gast-cuentas:TransferenciasCorrientes,lenloc3-econ-gast-cuentas:FondoDeContingenciaYOtrosImprevistos,lenloc3-econ-gast-cuentas:InversionesReales,lenloc3-econ-gast-cuentas:EconomicaGastos_TransferenciasDeCapital,lenloc3-econ-gast-cuentas:EconomicaGastos_ActivosFinancieros,lenloc3-econ-gast-cuentas:EconomicaGastos_PasivosFinancieros
L_PR,463,"Investigación científica, técnica y aplicada.",lenloc3-prog-cuentas:InvestigacionCientificaTecnicaYAplicada,lenloc3-econ-gast-cuentas:GastosDePersonal,lenloc3-econ-gast-cuentas:GastosCorrientesEnBienesYServicios,lenloc3-econ-gast-cuentas:GastosFinancieros,lenloc3-econ-gast-cuentas:TransferenciasCorrientes,lenloc3-econ-gast-cuentas:FondoDeContingenciaYOtrosImprevistos,lenloc3-econ-gast-cuentas:InversionesReales,lenloc3-econ-gast-cuentas:EconomicaGastos_TransferenciasDeCapital,lenloc3-econ-gast-cuentas:EconomicaGastos_ActivosFinancieros,lenloc3-econ-gast-cuentas:EconomicaGastos_PasivosFinancieros
L_PR,49,Otras actuaciones de carácter económico,lenloc3-prog-cuentas:OtrasActuacionesDeCaracterEconomico,lenloc3-econ-gast-cuentas:GastosDePersonal,lenloc3-econ-gast-cuentas:GastosCorrientesEnBienesYServicios,lenloc3-econ-gast-cuentas:GastosFinancieros,lenloc3-econ-gast-cuentas:TransferenciasCorrientes,lenloc3-econ-gast-cuentas:FondoDeContingenciaYOtrosImprevistos,lenloc3-econ-gast-cuentas:InversionesReales,lenloc3-econ-gast-cuentas:EconomicaGastos_TransferenciasDeCapital,lenloc3-econ-gast-cuentas:EconomicaGastos_ActivosFinancieros,lenloc3-econ-gast-cuentas:EconomicaGastos_PasivosFinancieros
L_PR,491,Sociedad de la información,lenloc3-prog-cuentas:SociedadDeLaInformacion,lenloc3-econ-gast-cuentas:GastosDePersonal,lenloc3-econ-gast-cuentas:GastosCorrientesEnBienesYServicios,lenloc3-econ-gast-cuentas:GastosFinancieros,lenloc3-econ-gast-cuentas:TransferenciasCorrientes,lenloc3-econ-gast-cuentas:FondoDeContingenciaYOtrosImprevistos,lenloc3-econ-gast-cuentas:InversionesReales,lenloc3-econ-gast-cuentas:EconomicaGastos_TransferenciasDeCapital,lenloc3-econ-gast-cuentas:EconomicaGastos_ActivosFinancieros,lenloc3-econ-gast-cuentas:EconomicaGastos_PasivosFinancieros
L_PR,492,Gestión del conocimiento,lenloc3-prog-cuentas:GestionDelConocimiento,lenloc3-econ-gast-cuentas:GastosDePersonal,lenloc3-econ-gast-cuentas:GastosCorrientesEnBienesYServicios,lenloc3-econ-gast-cuentas:GastosFinancieros,lenloc3-econ-gast-cuentas:TransferenciasCorrientes,lenloc3-econ-gast-cuentas:FondoDeContingenciaYOtrosImprevistos,lenloc3-econ-gast-cuentas:InversionesReales,lenloc3-econ-gast-cuentas:EconomicaGastos_TransferenciasDeCapital,lenloc3-econ-gast-cuentas:EconomicaGastos_ActivosFinancieros,lenloc3-econ-gast-cuentas:EconomicaGastos_PasivosFinancieros
L_PR,493,Oficinas de defensa al consumidor,lenloc3-prog-cuentas:OficinasDeDefensaAlConsumidor,lenloc3-econ-gast-cuentas:GastosDePersonal,lenloc3-econ-gast-cuentas:GastosCorrientesEnBienesYServicios,lenloc3-econ-gast-cuentas:GastosFinancieros,lenloc3-econ-gast-cuentas:TransferenciasCorrientes,lenloc3-econ-gast-cuentas:FondoDeContingenciaYOtrosImprevistos,lenloc3-econ-gast-cuentas:InversionesReales,lenloc3-econ-gast-cuentas:EconomicaGastos_TransferenciasDeCapital,lenloc3-econ-gast-cuentas:EconomicaGastos_ActivosFinancieros,lenloc3-econ-gast-cuentas:EconomicaGastos_PasivosFinancieros
L_PR,9,ACTUACIONES DE CARÁCTER GENERAL,lenloc3-prog-cuentas:ActuacionesDeCaracterGeneral,lenloc3-econ-gast-cuentas:GastosDePersonal,lenloc3-econ-gast-cuentas:GastosCorrientesEnBienesYServicios,lenloc3-econ-gast-cuentas:GastosFinancieros,lenloc3-econ-gast-cuentas:TransferenciasCorrientes,lenloc3-econ-gast-cuentas:FondoDeContingenciaYOtrosImprevistos,lenloc3-econ-gast-cuentas:InversionesReales,lenloc3-econ-gast-cuentas:EconomicaGastos_TransferenciasDeCapital,lenloc3-econ-gast-cuentas:EconomicaGastos_ActivosFinancieros,lenloc3-econ-gast-cuentas:EconomicaGastos_PasivosFinancieros
L_PR,91,Órganos de gobierno,lenloc3-prog-cuentas:OrganosDeGobierno,lenloc3-econ-gast-cuentas:GastosDePersonal,lenloc3-econ-gast-cuentas:GastosCorrientesEnBienesYServicios,lenloc3-econ-gast-cuentas:GastosFinancieros,lenloc3-econ-gast-cuentas:TransferenciasCorrientes,lenloc3-econ-gast-cuentas:FondoDeContingenciaYOtrosImprevistos,lenloc3-econ-gast-cuentas:InversionesReales,lenloc3-econ-gast-cuentas:EconomicaGastos_TransferenciasDeCapital,lenloc3-econ-gast-cuentas:EconomicaGastos_ActivosFinancieros,lenloc3-econ-gast-cuentas:EconomicaGastos_PasivosFinancieros
L_PR,912,Órganos de gobierno,lenloc3-prog-cuentas:OrganosDeGobierno_OrganosDeGobierno,lenloc3-econ-gast-cuentas:GastosDePersonal,lenloc3-econ-gast-cuentas:GastosCorrientesEnBienesYServicios,lenloc3-econ-gast-cuentas:GastosFinancieros,lenloc3-econ-gast-cuentas:TransferenciasCorrientes,lenloc3-econ-gast-cuentas:FondoDeContingenciaYOtrosImprevistos,lenloc3-econ-gast-cuentas:InversionesReales,lenloc3-econ-gast-cuentas:EconomicaGastos_TransferenciasDeCapital,lenloc3-econ-gast-cuentas:EconomicaGastos_ActivosFinancieros,lenloc3-econ-gast-cuentas:EconomicaGastos_PasivosFinancieros
L_PR,92,Servicios de carácter general,lenloc3-prog-cuentas:ServiciosDeCaracterGeneral,lenloc3-econ-gast-cuentas:GastosDePersonal,lenloc3-econ-gast-cuentas:GastosCorrientesEnBienesYServicios,lenloc3-econ-gast-cuentas:GastosFinancieros,lenloc3-econ-gast-cuentas:TransferenciasCorrientes,lenloc3-econ-gast-cuentas:FondoDeContingenciaYOtrosImprevistos,lenloc3-econ-gast-cuentas:InversionesReales,lenloc3-econ-gast-cuentas:EconomicaGastos_TransferenciasDeCapital,lenloc3-econ-gast-cuentas:EconomicaGastos_ActivosFinancieros,lenloc3-econ-gast-cuentas:EconomicaGastos_PasivosFinancieros
L_PR,920,Administración General,lenloc3-prog-cuentas:AdministracionGeneral,lenloc3-econ-gast-cuentas:GastosDePersonal,lenloc3-econ-gast-cuentas:GastosCorrientesEnBienesYServicios,lenloc3-econ-gast-cuentas:GastosFinancieros,lenloc3-econ-gast-cuentas:TransferenciasCorrientes,lenloc3-econ-gast-cuentas:FondoDeContingenciaYOtrosImprevistos,lenloc3-econ-gast-cuentas:InversionesReales,lenloc3-econ-gast-cuentas:EconomicaGastos_TransferenciasDeCapital,lenloc3-econ-gast-cuentas:EconomicaGastos_ActivosFinancieros,lenloc3-econ-gast-cuentas:EconomicaGastos_PasivosFinancieros
L_PR,922,Coordinación y organización institucional de las entidades locales,lenloc3-prog-cuentas:CoordinacionYOrganizacionInstitucionalDeLasEntidadesLocales,lenloc3-econ-gast-cuentas:GastosDePersonal,lenloc3-econ-gast-cuentas:GastosCorrientesEnBienesYServicios,lenloc3-econ-gast-cuentas:GastosFinancieros,lenloc3-econ-gast-cuentas:TransferenciasCorrientes,lenloc3-econ-gast-cuentas:FondoDeContingenciaYOtrosImprevistos,lenloc3-econ-gast-cuentas:InversionesReales,lenloc3-econ-gast-cuentas:EconomicaGastos_TransferenciasDeCapital,lenloc3-econ-gast-cuentas:EconomicaGastos_ActivosFinancieros,lenloc3-econ-gast-cuentas:EconomicaGastos_PasivosFinancieros
L_PR,923,Información básica y estadística,lenloc3-prog-cuentas:InformacionBasicaYEstadistica,lenloc3-econ-gast-cuentas:GastosDePersonal,lenloc3-econ-gast-cuentas:GastosCorrientesEnBienesYServicios,lenloc3-econ-gast-cuentas:GastosFinancieros,lenloc3-econ-gast-cuentas:TransferenciasCorrientes,lenloc3-econ-gast-cuentas:FondoDeContingenciaYOtrosImprevistos,lenloc3-econ-gast-cuentas:InversionesReales,lenloc3-econ-gast-cuentas:EconomicaGastos_TransferenciasDeCapital,lenloc3-econ-gast-cuentas:EconomicaGastos_ActivosFinancieros,lenloc3-econ-gast-cuentas:EconomicaGastos_PasivosFinancieros
L_PR,924,Participación ciudadana,lenloc3-prog-cuentas:ParticipacionCiudadana,lenloc3-econ-gast-cuentas:GastosDePersonal,lenloc3-econ-gast-cuentas:GastosCorrientesEnBienesYServicios,lenloc3-econ-gast-cuentas:GastosFinancieros,lenloc3-econ-gast-cuentas:TransferenciasCorrientes,lenloc3-econ-gast-cuentas:FondoDeContingenciaYOtrosImprevistos,lenloc3-econ-gast-cuentas:InversionesReales,lenloc3-econ-gast-cuentas:EconomicaGastos_TransferenciasDeCapital,lenloc3-econ-gast-cuentas:EconomicaGastos_ActivosFinancieros,lenloc3-econ-gast-cuentas:EconomicaGastos_PasivosFinancieros
L_PR,925,Atención a los ciudadanos.,lenloc3-prog-cuentas:AtencionALosCiudadanos,lenloc3-econ-gast-cuentas:GastosDePersonal,lenloc3-econ-gast-cuentas:GastosCorrientesEnBienesYServicios,lenloc3-econ-gast-cuentas:GastosFinancieros,lenloc3-econ-gast-cuentas:TransferenciasCorrientes,lenloc3-econ-gast-cuentas:FondoDeContingenciaYOtrosImprevistos,lenloc3-econ-gast-cuentas:InversionesReales,lenloc3-econ-gast-cuentas:EconomicaGastos_TransferenciasDeCapital,lenloc3-econ-gast-cuentas:EconomicaGastos_ActivosFinancieros,lenloc3-econ-gast-cuentas:EconomicaGastos_PasivosFinancieros
L_PR,926,Comunicaciones internas.,lenloc3-prog-cuentas:ComunicacionesInternas,lenloc3-econ-gast-cuentas:GastosDePersonal,lenloc3-econ-gast-cuentas:GastosCorrientesEnBienesYServicios,lenloc3-econ-gast-cuentas:GastosFinancieros,lenloc3-econ-gast-cuentas:TransferenciasCorrientes,lenloc3-econ-gast-cuentas:FondoDeContingenciaYOtrosImprevistos,lenloc3-econ-gast-cuentas:InversionesReales,lenloc3-econ-gast-cuentas:EconomicaGastos_TransferenciasDeCapital,lenloc3-econ-gast-cuentas:EconomicaGastos_ActivosFinancieros,lenloc3-econ-gast-cuentas:EconomicaGastos_PasivosFinancieros
L_PR,929,Imprevistos y funciones no clasificadas..,lenloc3-prog-cuentas:ImprevistosYFuncionesNoClasificadas,lenloc3-econ-gast-cuentas:GastosDePersonal,lenloc3-econ-gast-cuentas:GastosCorrientesEnBienesYServicios,lenloc3-econ-gast-cuentas:GastosFinancieros,lenloc3-econ-gast-cuentas:TransferenciasCorrientes,lenloc3-econ-gast-cuentas:FondoDeContingenciaYOtrosImprevistos,lenloc3-econ-gast-cuentas:InversionesReales,lenloc3-econ-gast-cuentas:EconomicaGastos_TransferenciasDeCapital,lenloc3-econ-gast-cuentas:EconomicaGastos_ActivosFinancieros,lenloc3-econ-gast-cuentas:EconomicaGastos_PasivosFinancieros
L_PR,93,Administración financiera y tributaria,lenloc3-prog-cuentas:AdministracionFinancieraYTributaria,lenloc3-econ-gast-cuentas:GastosDePersonal,lenloc3-econ-gast-cuentas:GastosCorrientesEnBienesYServicios,lenloc3-econ-gast-cuentas:GastosFinancieros,lenloc3-econ-gast-cuentas:TransferenciasCorrientes,lenloc3-econ-gast-cuentas:FondoDeContingenciaYOtrosImprevistos,lenloc3-econ-gast-cuentas:InversionesReales,lenloc3-econ-gast-cuentas:EconomicaGastos_TransferenciasDeCapital,lenloc3-econ-gast-cuentas:EconomicaGastos_ActivosFinancieros,lenloc3-econ-gast-cuentas:EconomicaGastos_PasivosFinancieros
L_PR,931,Política económica y fiscal,lenloc3-prog-cuentas:PoliticaEconomicaYFiscal,lenloc3-econ-gast-cuentas:GastosDePersonal,lenloc3-econ-gast-cuentas:GastosCorrientesEnBienesYServicios,lenloc3-econ-gast-cuentas:GastosFinancieros,lenloc3-econ-gast-cuentas:TransferenciasCorrientes,lenloc3-econ-gast-cuentas:FondoDeContingenciaYOtrosImprevistos,lenloc3-econ-gast-cuentas:InversionesReales,lenloc3-econ-gast-cuentas:EconomicaGastos_TransferenciasDeCapital,lenloc3-econ-gast-cuentas:EconomicaGastos_ActivosFinancieros,lenloc3-econ-gast-cuentas:EconomicaGastos_PasivosFinancieros
L_PR,932,Gestión del sistema tributario,lenloc3-prog-cuentas:GestionDelSistemaTributario,lenloc3-econ-gast-cuentas:GastosDePersonal,lenloc3-econ-gast-cuentas:GastosCorrientesEnBienesYServicios,lenloc3-econ-gast-cuentas:GastosFinancieros,lenloc3-econ-gast-cuentas:TransferenciasCorrientes,lenloc3-econ-gast-cuentas:FondoDeContingenciaYOtrosImprevistos,lenloc3-econ-gast-cuentas:InversionesReales,lenloc3-econ-gast-cuentas:EconomicaGastos_TransferenciasDeCapital,lenloc3-econ-gast-cuentas:EconomicaGastos_ActivosFinancieros,lenloc3-econ-gast-cuentas:EconomicaGastos_PasivosFinancieros
L_PR,933,Gestión del patrimonio,lenloc3-prog-cuentas:GestionDelPatrimonio,lenloc3-econ-gast-cuentas:GastosDePersonal,lenloc3-econ-gast-cuentas:GastosCorrientesEnBienesYServicios,lenloc3-econ-gast-cuentas:GastosFinancieros,lenloc3-econ-gast-cuentas:TransferenciasCorrientes,lenloc3-econ-gast-cuentas:FondoDeContingenciaYOtrosImprevistos,lenloc3-econ-gast-cuentas:InversionesReales,lenloc3-econ-gast-cuentas:EconomicaGastos_TransferenciasDeCapital,lenloc3-econ-gast-cuentas:EconomicaGastos_ActivosFinancieros,lenloc3-econ-gast-cuentas:EconomicaGastos_PasivosFinancieros
L_PR,934,Gestión de la deuda y de la tesorería,lenloc3-prog-cuentas:GestionDeLaDeudaYDeLaTesoreria,lenloc3-econ-gast-cuentas:GastosDePersonal,lenloc3-econ-gast-cuentas:GastosCorrientesEnBienesYServicios,lenloc3-econ-gast-cuentas:GastosFinancieros,lenloc3-econ-gast-cuentas:TransferenciasCorrientes,lenloc3-econ-gast-cuentas:FondoDeContingenciaYOtrosImprevistos,lenloc3-econ-gast-cuentas:InversionesReales,lenloc3-econ-gast-cuentas:EconomicaGastos_TransferenciasDeCapital,lenloc3-econ-gast-cuentas:EconomicaGastos_ActivosFinancieros,lenloc3-econ-gast-cuentas:EconomicaGastos_PasivosFinancieros
L_PR,94,Transferencias a otras Administraciones Públicas,lenloc3-prog-cuentas:TransferenciasAOtrasAdministracionesPublicas,lenloc3-econ-gast-cuentas:GastosDePersonal,lenloc3-econ-gast-cuentas:GastosCorrientesEnBienesYServicios,lenloc3-econ-gast-cuentas:GastosFinancieros,lenloc3-econ-gast-cuentas:TransferenciasCorrientes,lenloc3-econ-gast-cuentas:FondoDeContingenciaYOtrosImprevistos,lenloc3-econ-gast-cuentas:InversionesReales,lenloc3-econ-gast-cuentas:EconomicaGastos_TransferenciasDeCapital,lenloc3-econ-gast-cuentas:EconomicaGastos_ActivosFinancieros,lenloc3-econ-gast-cuentas:EconomicaGastos_PasivosFinancieros
L_PR,941,Transferencias a Comunidades Autónomas,lenloc3-prog-cuentas:TransferenciasAComunidadesAutonomas,lenloc3-econ-gast-cuentas:GastosDePersonal,lenloc3-econ-gast-cuentas:GastosCorrientesEnBienesYServicios,lenloc3-econ-gast-cuentas:GastosFinancieros,lenloc3-econ-gast-cuentas:TransferenciasCorrientes,lenloc3-econ-gast-cuentas:FondoDeContingenciaYOtrosImprevistos,lenloc3-econ-gast-cuentas:InversionesReales,lenloc3-econ-gast-cuentas:EconomicaGastos_TransferenciasDeCapital,lenloc3-econ-gast-cuentas:EconomicaGastos_ActivosFinancieros,lenloc3-econ-gast-cuentas:EconomicaGastos_PasivosFinancieros
L_PR,942,Transferencias a Entidades Locales territoriales,lenloc3-prog-cuentas:TransferenciasAEntidadesLocalesTerritoriales,lenloc3-econ-gast-cuentas:GastosDePersonal,lenloc3-econ-gast-cuentas:GastosCorrientesEnBienesYServicios,lenloc3-econ-gast-cuentas:GastosFinancieros,lenloc3-econ-gast-cuentas:TransferenciasCorrientes,lenloc3-econ-gast-cuentas:FondoDeContingenciaYOtrosImprevistos,lenloc3-econ-gast-cuentas:InversionesReales,lenloc3-econ-gast-cuentas:EconomicaGastos_TransferenciasDeCapital,lenloc3-econ-gast-cuentas:EconomicaGastos_ActivosFinancieros,lenloc3-econ-gast-cuentas:EconomicaGastos_PasivosFinancieros
L_PR,943,Transferencias a otras Entidades Locales,lenloc3-prog-cuentas:TransferenciasAOtrasEntidadesLocales,lenloc3-econ-gast-cuentas:GastosDePersonal,lenloc3-econ-gast-cuentas:GastosCorrientesEnBienesYServicios,lenloc3-econ-gast-cuentas:GastosFinancieros,lenloc3-econ-gast-cuentas:TransferenciasCorrientes,lenloc3-econ-gast-cuentas:FondoDeContingenciaYOtrosImprevistos,lenloc3-econ-gast-cuentas:InversionesReales,lenloc3-econ-gast-cuentas:EconomicaGastos_TransferenciasDeCapital,lenloc3-econ-gast-cuentas:EconomicaGastos_ActivosFinancieros,lenloc3-econ-gast-cuentas:EconomicaGastos_PasivosFinancieros
L_PR,944,Transferencias a la Administración General del Estado,lenloc3-prog-cuentas:TransferenciasALaAdministracionGeneralDelEstado,lenloc3-econ-gast-cuentas:GastosDePersonal,lenloc3-econ-gast-cuentas:GastosCorrientesEnBienesYServicios,lenloc3-econ-gast-cuentas:GastosFinancieros,lenloc3-econ-gast-cuentas:TransferenciasCorrientes,lenloc3-econ-gast-cuentas:FondoDeContingenciaYOtrosImprevistos,lenloc3-econ-gast-cuentas:InversionesReales,lenloc3-econ-gast-cuentas:EconomicaGastos_TransferenciasDeCapital,lenloc3-econ-gast-cuentas:EconomicaGastos_ActivosFinancieros,lenloc3-econ-gast-cuentas:EconomicaGastos_PasivosFinancieros
