pre,id,Cuenta,Penloc_Label,Penloc_context0,Penloc_context1,Penloc_context2,Penloc_context3,Penloc_context4,Penloc_context5,Penloc_context6,Penloc_context7,Penloc_context8
P_PR,0,DEUDA PÚBLICA,penloc2-prog-cuentas:DeudaPublica,penloc2-econ-gast-cuentas:GastosDePersonal,penloc2-econ-gast-cuentas:GastosCorrientesEnBienesYServicios,penloc2-econ-gast-cuentas:GastosFinancieros,penloc2-econ-gast-cuentas:TransferenciasCorrientes,penloc2-econ-gast-cuentas:FondoDeContingenciaYOtrosImprevistos,penloc2-econ-gast-cuentas:InversionesReales,penloc2-econ-gast-cuentas:EconomicaGastos_TransferenciasDeCapital,penloc2-econ-gast-cuentas:EconomicaGastos_ActivosFinancieros,penloc2-econ-gast-cuentas:EconomicaGastos_PasivosFinancieros
P_PR,01,Deuda Pública,penloc2-prog-cuentas:DeudaPublica_DeudaPublica,penloc2-econ-gast-cuentas:GastosDePersonal,penloc2-econ-gast-cuentas:GastosCorrientesEnBienesYServicios,penloc2-econ-gast-cuentas:GastosFinancieros,penloc2-econ-gast-cuentas:TransferenciasCorrientes,penloc2-econ-gast-cuentas:FondoDeContingenciaYOtrosImprevistos,penloc2-econ-gast-cuentas:InversionesReales,penloc2-econ-gast-cuentas:EconomicaGastos_TransferenciasDeCapital,penloc2-econ-gast-cuentas:EconomicaGastos_ActivosFinancieros,penloc2-econ-gast-cuentas:EconomicaGastos_PasivosFinancieros
P_PR,011,Deuda Pública,penloc2-prog-cuentas:DeudaPublica_DeudaPublica_DeudaPublica,penloc2-econ-gast-cuentas:GastosDePersonal,penloc2-econ-gast-cuentas:GastosCorrientesEnBienesYServicios,penloc2-econ-gast-cuentas:GastosFinancieros,penloc2-econ-gast-cuentas:TransferenciasCorrientes,penloc2-econ-gast-cuentas:FondoDeContingenciaYOtrosImprevistos,penloc2-econ-gast-cuentas:InversionesReales,penloc2-econ-gast-cuentas:EconomicaGastos_TransferenciasDeCapital,penloc2-econ-gast-cuentas:EconomicaGastos_ActivosFinancieros,penloc2-econ-gast-cuentas:EconomicaGastos_PasivosFinancieros
P_PR,1,SERVICIOS PÚBLICOS BÁSICOS,penloc2-prog-cuentas:ServiciosPublicosBasicos,penloc2-econ-gast-cuentas:GastosDePersonal,penloc2-econ-gast-cuentas:GastosCorrientesEnBienesYServicios,penloc2-econ-gast-cuentas:GastosFinancieros,penloc2-econ-gast-cuentas:TransferenciasCorrientes,penloc2-econ-gast-cuentas:FondoDeContingenciaYOtrosImprevistos,penloc2-econ-gast-cuentas:InversionesReales,penloc2-econ-gast-cuentas:EconomicaGastos_TransferenciasDeCapital,penloc2-econ-gast-cuentas:EconomicaGastos_ActivosFinancieros,penloc2-econ-gast-cuentas:EconomicaGastos_PasivosFinancieros
P_PR,13,Seguridad y movilidad ciudadana,penloc2-prog-cuentas:SeguridadYMovilidadCiudadana,penloc2-econ-gast-cuentas:GastosDePersonal,penloc2-econ-gast-cuentas:GastosCorrientesEnBienesYServicios,penloc2-econ-gast-cuentas:GastosFinancieros,penloc2-econ-gast-cuentas:TransferenciasCorrientes,penloc2-econ-gast-cuentas:FondoDeContingenciaYOtrosImprevistos,penloc2-econ-gast-cuentas:InversionesReales,penloc2-econ-gast-cuentas:EconomicaGastos_TransferenciasDeCapital,penloc2-econ-gast-cuentas:EconomicaGastos_ActivosFinancieros,penloc2-econ-gast-cuentas:EconomicaGastos_PasivosFinancieros
P_PR,130,Administración General de la Seguridad y Protección Civil,penloc2-prog-cuentas:AdministracionGeneralDeLaSeguridadYProteccionCivil,penloc2-econ-gast-cuentas:GastosDePersonal,penloc2-econ-gast-cuentas:GastosCorrientesEnBienesYServicios,penloc2-econ-gast-cuentas:GastosFinancieros,penloc2-econ-gast-cuentas:TransferenciasCorrientes,penloc2-econ-gast-cuentas:FondoDeContingenciaYOtrosImprevistos,penloc2-econ-gast-cuentas:InversionesReales,penloc2-econ-gast-cuentas:EconomicaGastos_TransferenciasDeCapital,penloc2-econ-gast-cuentas:EconomicaGastos_ActivosFinancieros,penloc2-econ-gast-cuentas:EconomicaGastos_PasivosFinancieros
P_PR,132,Seguridad y Orden Público,penloc2-prog-cuentas:SeguridadYOrdenPublico,penloc2-econ-gast-cuentas:GastosDePersonal,penloc2-econ-gast-cuentas:GastosCorrientesEnBienesYServicios,penloc2-econ-gast-cuentas:GastosFinancieros,penloc2-econ-gast-cuentas:TransferenciasCorrientes,penloc2-econ-gast-cuentas:FondoDeContingenciaYOtrosImprevistos,penloc2-econ-gast-cuentas:InversionesReales,penloc2-econ-gast-cuentas:EconomicaGastos_TransferenciasDeCapital,penloc2-econ-gast-cuentas:EconomicaGastos_ActivosFinancieros,penloc2-econ-gast-cuentas:EconomicaGastos_PasivosFinancieros
P_PR,133,Ordenación del tráfico y del estacionamiento,penloc2-prog-cuentas:OrdenacionDelTraficoYDelEstacionamiento,penloc2-econ-gast-cuentas:GastosDePersonal,penloc2-econ-gast-cuentas:GastosCorrientesEnBienesYServicios,penloc2-econ-gast-cuentas:GastosFinancieros,penloc2-econ-gast-cuentas:TransferenciasCorrientes,penloc2-econ-gast-cuentas:FondoDeContingenciaYOtrosImprevistos,penloc2-econ-gast-cuentas:InversionesReales,penloc2-econ-gast-cuentas:EconomicaGastos_TransferenciasDeCapital,penloc2-econ-gast-cuentas:EconomicaGastos_ActivosFinancieros,penloc2-econ-gast-cuentas:EconomicaGastos_PasivosFinancieros
P_PR,134,Protección civil,penloc2-prog-cuentas:ProteccionCivil,penloc2-econ-gast-cuentas:GastosDePersonal,penloc2-econ-gast-cuentas:GastosCorrientesEnBienesYServicios,penloc2-econ-gast-cuentas:GastosFinancieros,penloc2-econ-gast-cuentas:TransferenciasCorrientes,penloc2-econ-gast-cuentas:FondoDeContingenciaYOtrosImprevistos,penloc2-econ-gast-cuentas:InversionesReales,penloc2-econ-gast-cuentas:EconomicaGastos_TransferenciasDeCapital,penloc2-econ-gast-cuentas:EconomicaGastos_ActivosFinancieros,penloc2-econ-gast-cuentas:EconomicaGastos_PasivosFinancieros
P_PR,135,Servicio de extinción de incendios,penloc2-prog-cuentas:ServicioDeExtincionDeIncendios,penloc2-econ-gast-cuentas:GastosDePersonal,penloc2-econ-gast-cuentas:GastosCorrientesEnBienesYServicios,penloc2-econ-gast-cuentas:GastosFinancieros,penloc2-econ-gast-cuentas:TransferenciasCorrientes,penloc2-econ-gast-cuentas:FondoDeContingenciaYOtrosImprevistos,penloc2-econ-gast-cuentas:InversionesReales,penloc2-econ-gast-cuentas:EconomicaGastos_TransferenciasDeCapital,penloc2-econ-gast-cuentas:EconomicaGastos_ActivosFinancieros,penloc2-econ-gast-cuentas:EconomicaGastos_PasivosFinancieros
P_PR,15,Vivienda y urbanismo,penloc2-prog-cuentas:ViviendaYUrbanismo,penloc2-econ-gast-cuentas:GastosDePersonal,penloc2-econ-gast-cuentas:GastosCorrientesEnBienesYServicios,penloc2-econ-gast-cuentas:GastosFinancieros,penloc2-econ-gast-cuentas:TransferenciasCorrientes,penloc2-econ-gast-cuentas:FondoDeContingenciaYOtrosImprevistos,penloc2-econ-gast-cuentas:InversionesReales,penloc2-econ-gast-cuentas:EconomicaGastos_TransferenciasDeCapital,penloc2-econ-gast-cuentas:EconomicaGastos_ActivosFinancieros,penloc2-econ-gast-cuentas:EconomicaGastos_PasivosFinancieros
P_PR,150,Administración General de Vivienda y urbanismo,penloc2-prog-cuentas:AdministracionGeneralDeViviendaYUrbanismo,penloc2-econ-gast-cuentas:GastosDePersonal,penloc2-econ-gast-cuentas:GastosCorrientesEnBienesYServicios,penloc2-econ-gast-cuentas:GastosFinancieros,penloc2-econ-gast-cuentas:TransferenciasCorrientes,penloc2-econ-gast-cuentas:FondoDeContingenciaYOtrosImprevistos,penloc2-econ-gast-cuentas:InversionesReales,penloc2-econ-gast-cuentas:EconomicaGastos_TransferenciasDeCapital,penloc2-econ-gast-cuentas:EconomicaGastos_ActivosFinancieros,penloc2-econ-gast-cuentas:EconomicaGastos_PasivosFinancieros
P_PR,151,Urbanismo,penloc2-prog-cuentas:Urbanismo,penloc2-econ-gast-cuentas:GastosDePersonal,penloc2-econ-gast-cuentas:GastosCorrientesEnBienesYServicios,penloc2-econ-gast-cuentas:GastosFinancieros,penloc2-econ-gast-cuentas:TransferenciasCorrientes,penloc2-econ-gast-cuentas:FondoDeContingenciaYOtrosImprevistos,penloc2-econ-gast-cuentas:InversionesReales,penloc2-econ-gast-cuentas:EconomicaGastos_TransferenciasDeCapital,penloc2-econ-gast-cuentas:EconomicaGastos_ActivosFinancieros,penloc2-econ-gast-cuentas:EconomicaGastos_PasivosFinancieros
P_PR,152,Vivienda.,penloc2-prog-cuentas:Vivienda,penloc2-econ-gast-cuentas:GastosDePersonal,penloc2-econ-gast-cuentas:GastosCorrientesEnBienesYServicios,penloc2-econ-gast-cuentas:GastosFinancieros,penloc2-econ-gast-cuentas:TransferenciasCorrientes,penloc2-econ-gast-cuentas:FondoDeContingenciaYOtrosImprevistos,penloc2-econ-gast-cuentas:InversionesReales,penloc2-econ-gast-cuentas:EconomicaGastos_TransferenciasDeCapital,penloc2-econ-gast-cuentas:EconomicaGastos_ActivosFinancieros,penloc2-econ-gast-cuentas:EconomicaGastos_PasivosFinancieros
P_PR,153,Acceso a la vivienda,penloc2-prog-cuentas:AccesoALaVivienda,penloc2-econ-gast-cuentas:GastosDePersonal,penloc2-econ-gast-cuentas:GastosCorrientesEnBienesYServicios,penloc2-econ-gast-cuentas:GastosFinancieros,penloc2-econ-gast-cuentas:TransferenciasCorrientes,penloc2-econ-gast-cuentas:FondoDeContingenciaYOtrosImprevistos,penloc2-econ-gast-cuentas:InversionesReales,penloc2-econ-gast-cuentas:EconomicaGastos_TransferenciasDeCapital,penloc2-econ-gast-cuentas:EconomicaGastos_ActivosFinancieros,penloc2-econ-gast-cuentas:EconomicaGastos_PasivosFinancieros
P_PR,154,Fomento de la edificación protegida,penloc2-prog-cuentas:FomentoDeLaEdificacionProtegida,penloc2-econ-gast-cuentas:GastosDePersonal,penloc2-econ-gast-cuentas:GastosCorrientesEnBienesYServicios,penloc2-econ-gast-cuentas:GastosFinancieros,penloc2-econ-gast-cuentas:TransferenciasCorrientes,penloc2-econ-gast-cuentas:FondoDeContingenciaYOtrosImprevistos,penloc2-econ-gast-cuentas:InversionesReales,penloc2-econ-gast-cuentas:EconomicaGastos_TransferenciasDeCapital,penloc2-econ-gast-cuentas:EconomicaGastos_ActivosFinancieros,penloc2-econ-gast-cuentas:EconomicaGastos_PasivosFinancieros
P_PR,155,Vías públicas,penloc2-prog-cuentas:ViasPublicas,penloc2-econ-gast-cuentas:GastosDePersonal,penloc2-econ-gast-cuentas:GastosCorrientesEnBienesYServicios,penloc2-econ-gast-cuentas:GastosFinancieros,penloc2-econ-gast-cuentas:TransferenciasCorrientes,penloc2-econ-gast-cuentas:FondoDeContingenciaYOtrosImprevistos,penloc2-econ-gast-cuentas:InversionesReales,penloc2-econ-gast-cuentas:EconomicaGastos_TransferenciasDeCapital,penloc2-econ-gast-cuentas:EconomicaGastos_ActivosFinancieros,penloc2-econ-gast-cuentas:EconomicaGastos_PasivosFinancieros
P_PR,16,Bienestar comunitario,penloc2-prog-cuentas:BienestarComunitario,penloc2-econ-gast-cuentas:GastosDePersonal,penloc2-econ-gast-cuentas:GastosCorrientesEnBienesYServicios,penloc2-econ-gast-cuentas:GastosFinancieros,penloc2-econ-gast-cuentas:TransferenciasCorrientes,penloc2-econ-gast-cuentas:FondoDeContingenciaYOtrosImprevistos,penloc2-econ-gast-cuentas:InversionesReales,penloc2-econ-gast-cuentas:EconomicaGastos_TransferenciasDeCapital,penloc2-econ-gast-cuentas:EconomicaGastos_ActivosFinancieros,penloc2-econ-gast-cuentas:EconomicaGastos_PasivosFinancieros
P_PR,161,"Saneamiento, abastecimiento y distribución de aguas.",penloc2-prog-cuentas:SaneamientoAbastecimientoYDistribucionDeAguas,penloc2-econ-gast-cuentas:GastosDePersonal,penloc2-econ-gast-cuentas:GastosCorrientesEnBienesYServicios,penloc2-econ-gast-cuentas:GastosFinancieros,penloc2-econ-gast-cuentas:TransferenciasCorrientes,penloc2-econ-gast-cuentas:FondoDeContingenciaYOtrosImprevistos,penloc2-econ-gast-cuentas:InversionesReales,penloc2-econ-gast-cuentas:EconomicaGastos_TransferenciasDeCapital,penloc2-econ-gast-cuentas:EconomicaGastos_ActivosFinancieros,penloc2-econ-gast-cuentas:EconomicaGastos_PasivosFinancieros
P_PR,162,"Recogida, eliminación y tratamiento de residuos.",penloc2-prog-cuentas:RecogidaEliminacionYTratamientoDeResiduos,penloc2-econ-gast-cuentas:GastosDePersonal,penloc2-econ-gast-cuentas:GastosCorrientesEnBienesYServicios,penloc2-econ-gast-cuentas:GastosFinancieros,penloc2-econ-gast-cuentas:TransferenciasCorrientes,penloc2-econ-gast-cuentas:FondoDeContingenciaYOtrosImprevistos,penloc2-econ-gast-cuentas:InversionesReales,penloc2-econ-gast-cuentas:EconomicaGastos_TransferenciasDeCapital,penloc2-econ-gast-cuentas:EconomicaGastos_ActivosFinancieros,penloc2-econ-gast-cuentas:EconomicaGastos_PasivosFinancieros
P_PR,163,Limpieza viaria.,penloc2-prog-cuentas:LimpiezaViaria,penloc2-econ-gast-cuentas:GastosDePersonal,penloc2-econ-gast-cuentas:GastosCorrientesEnBienesYServicios,penloc2-econ-gast-cuentas:GastosFinancieros,penloc2-econ-gast-cuentas:TransferenciasCorrientes,penloc2-econ-gast-cuentas:FondoDeContingenciaYOtrosImprevistos,penloc2-econ-gast-cuentas:InversionesReales,penloc2-econ-gast-cuentas:EconomicaGastos_TransferenciasDeCapital,penloc2-econ-gast-cuentas:EconomicaGastos_ActivosFinancieros,penloc2-econ-gast-cuentas:EconomicaGastos_PasivosFinancieros
P_PR,164,Cementerios y servicios funerarios,penloc2-prog-cuentas:CementeriosYServiciosFunerarios,penloc2-econ-gast-cuentas:GastosDePersonal,penloc2-econ-gast-cuentas:GastosCorrientesEnBienesYServicios,penloc2-econ-gast-cuentas:GastosFinancieros,penloc2-econ-gast-cuentas:TransferenciasCorrientes,penloc2-econ-gast-cuentas:FondoDeContingenciaYOtrosImprevistos,penloc2-econ-gast-cuentas:InversionesReales,penloc2-econ-gast-cuentas:EconomicaGastos_TransferenciasDeCapital,penloc2-econ-gast-cuentas:EconomicaGastos_ActivosFinancieros,penloc2-econ-gast-cuentas:EconomicaGastos_PasivosFinancieros
P_PR,165,Alumbrado público,penloc2-prog-cuentas:AlumbradoPublico,penloc2-econ-gast-cuentas:GastosDePersonal,penloc2-econ-gast-cuentas:GastosCorrientesEnBienesYServicios,penloc2-econ-gast-cuentas:GastosFinancieros,penloc2-econ-gast-cuentas:TransferenciasCorrientes,penloc2-econ-gast-cuentas:FondoDeContingenciaYOtrosImprevistos,penloc2-econ-gast-cuentas:InversionesReales,penloc2-econ-gast-cuentas:EconomicaGastos_TransferenciasDeCapital,penloc2-econ-gast-cuentas:EconomicaGastos_ActivosFinancieros,penloc2-econ-gast-cuentas:EconomicaGastos_PasivosFinancieros
P_PR,169,Otros servicios de bienestar comunitario,penloc2-prog-cuentas:OtrosServiciosDeBienestarComunitario,penloc2-econ-gast-cuentas:GastosDePersonal,penloc2-econ-gast-cuentas:GastosCorrientesEnBienesYServicios,penloc2-econ-gast-cuentas:GastosFinancieros,penloc2-econ-gast-cuentas:TransferenciasCorrientes,penloc2-econ-gast-cuentas:FondoDeContingenciaYOtrosImprevistos,penloc2-econ-gast-cuentas:InversionesReales,penloc2-econ-gast-cuentas:EconomicaGastos_TransferenciasDeCapital,penloc2-econ-gast-cuentas:EconomicaGastos_ActivosFinancieros,penloc2-econ-gast-cuentas:EconomicaGastos_PasivosFinancieros
P_PR,17,Medio ambiente,penloc2-prog-cuentas:MedioAmbiente,penloc2-econ-gast-cuentas:GastosDePersonal,penloc2-econ-gast-cuentas:GastosCorrientesEnBienesYServicios,penloc2-econ-gast-cuentas:GastosFinancieros,penloc2-econ-gast-cuentas:TransferenciasCorrientes,penloc2-econ-gast-cuentas:FondoDeContingenciaYOtrosImprevistos,penloc2-econ-gast-cuentas:InversionesReales,penloc2-econ-gast-cuentas:EconomicaGastos_TransferenciasDeCapital,penloc2-econ-gast-cuentas:EconomicaGastos_ActivosFinancieros,penloc2-econ-gast-cuentas:EconomicaGastos_PasivosFinancieros
P_PR,170,Administración general del medio ambiente,penloc2-prog-cuentas:AdministracionGeneralDelMedioAmbiente,penloc2-econ-gast-cuentas:GastosDePersonal,penloc2-econ-gast-cuentas:GastosCorrientesEnBienesYServicios,penloc2-econ-gast-cuentas:GastosFinancieros,penloc2-econ-gast-cuentas:TransferenciasCorrientes,penloc2-econ-gast-cuentas:FondoDeContingenciaYOtrosImprevistos,penloc2-econ-gast-cuentas:InversionesReales,penloc2-econ-gast-cuentas:EconomicaGastos_TransferenciasDeCapital,penloc2-econ-gast-cuentas:EconomicaGastos_ActivosFinancieros,penloc2-econ-gast-cuentas:EconomicaGastos_PasivosFinancieros
P_PR,171,Parques y jardines,penloc2-prog-cuentas:ParquesYJardines,penloc2-econ-gast-cuentas:GastosDePersonal,penloc2-econ-gast-cuentas:GastosCorrientesEnBienesYServicios,penloc2-econ-gast-cuentas:GastosFinancieros,penloc2-econ-gast-cuentas:TransferenciasCorrientes,penloc2-econ-gast-cuentas:FondoDeContingenciaYOtrosImprevistos,penloc2-econ-gast-cuentas:InversionesReales,penloc2-econ-gast-cuentas:EconomicaGastos_TransferenciasDeCapital,penloc2-econ-gast-cuentas:EconomicaGastos_ActivosFinancieros,penloc2-econ-gast-cuentas:EconomicaGastos_PasivosFinancieros
P_PR,172,Protección y mejora del medio ambiente,penloc2-prog-cuentas:ProteccionYMejoraDelMedioAmbiente,penloc2-econ-gast-cuentas:GastosDePersonal,penloc2-econ-gast-cuentas:GastosCorrientesEnBienesYServicios,penloc2-econ-gast-cuentas:GastosFinancieros,penloc2-econ-gast-cuentas:TransferenciasCorrientes,penloc2-econ-gast-cuentas:FondoDeContingenciaYOtrosImprevistos,penloc2-econ-gast-cuentas:InversionesReales,penloc2-econ-gast-cuentas:EconomicaGastos_TransferenciasDeCapital,penloc2-econ-gast-cuentas:EconomicaGastos_ActivosFinancieros,penloc2-econ-gast-cuentas:EconomicaGastos_PasivosFinancieros
P_PR,179,Otras actuaciones relacionadas con el medio ambiente,penloc2-prog-cuentas:OtrasActuacionesRelacionadasConElMedioAmbiente,penloc2-econ-gast-cuentas:GastosDePersonal,penloc2-econ-gast-cuentas:GastosCorrientesEnBienesYServicios,penloc2-econ-gast-cuentas:GastosFinancieros,penloc2-econ-gast-cuentas:TransferenciasCorrientes,penloc2-econ-gast-cuentas:FondoDeContingenciaYOtrosImprevistos,penloc2-econ-gast-cuentas:InversionesReales,penloc2-econ-gast-cuentas:EconomicaGastos_TransferenciasDeCapital,penloc2-econ-gast-cuentas:EconomicaGastos_ActivosFinancieros,penloc2-econ-gast-cuentas:EconomicaGastos_PasivosFinancieros
P_PR,2,ACTUACIONES DE PROTECCIÓN Y PROMOCIÓN SOCIAL,penloc2-prog-cuentas:ActuacionesDeProteccionYPromocionSocial,penloc2-econ-gast-cuentas:GastosDePersonal,penloc2-econ-gast-cuentas:GastosCorrientesEnBienesYServicios,penloc2-econ-gast-cuentas:GastosFinancieros,penloc2-econ-gast-cuentas:TransferenciasCorrientes,penloc2-econ-gast-cuentas:FondoDeContingenciaYOtrosImprevistos,penloc2-econ-gast-cuentas:InversionesReales,penloc2-econ-gast-cuentas:EconomicaGastos_TransferenciasDeCapital,penloc2-econ-gast-cuentas:EconomicaGastos_ActivosFinancieros,penloc2-econ-gast-cuentas:EconomicaGastos_PasivosFinancieros
P_PR,21,Pensiones,penloc2-prog-cuentas:Pensiones,penloc2-econ-gast-cuentas:GastosDePersonal,penloc2-econ-gast-cuentas:GastosCorrientesEnBienesYServicios,penloc2-econ-gast-cuentas:GastosFinancieros,penloc2-econ-gast-cuentas:TransferenciasCorrientes,penloc2-econ-gast-cuentas:FondoDeContingenciaYOtrosImprevistos,penloc2-econ-gast-cuentas:InversionesReales,penloc2-econ-gast-cuentas:EconomicaGastos_TransferenciasDeCapital,penloc2-econ-gast-cuentas:EconomicaGastos_ActivosFinancieros,penloc2-econ-gast-cuentas:EconomicaGastos_PasivosFinancieros
P_PR,211,Pensiones,penloc2-prog-cuentas:Pensiones_Pensiones,penloc2-econ-gast-cuentas:GastosDePersonal,penloc2-econ-gast-cuentas:GastosCorrientesEnBienesYServicios,penloc2-econ-gast-cuentas:GastosFinancieros,penloc2-econ-gast-cuentas:TransferenciasCorrientes,penloc2-econ-gast-cuentas:FondoDeContingenciaYOtrosImprevistos,penloc2-econ-gast-cuentas:InversionesReales,penloc2-econ-gast-cuentas:EconomicaGastos_TransferenciasDeCapital,penloc2-econ-gast-cuentas:EconomicaGastos_ActivosFinancieros,penloc2-econ-gast-cuentas:EconomicaGastos_PasivosFinancieros
P_PR,22,Otras prestaciones económicas a favor de empleados,penloc2-prog-cuentas:OtrasPrestacionesEconomicasAFavorDeEmpleados,penloc2-econ-gast-cuentas:GastosDePersonal,penloc2-econ-gast-cuentas:GastosCorrientesEnBienesYServicios,penloc2-econ-gast-cuentas:GastosFinancieros,penloc2-econ-gast-cuentas:TransferenciasCorrientes,penloc2-econ-gast-cuentas:FondoDeContingenciaYOtrosImprevistos,penloc2-econ-gast-cuentas:InversionesReales,penloc2-econ-gast-cuentas:EconomicaGastos_TransferenciasDeCapital,penloc2-econ-gast-cuentas:EconomicaGastos_ActivosFinancieros,penloc2-econ-gast-cuentas:EconomicaGastos_PasivosFinancieros
P_PR,221,Otras prestaciones económicas a favor de empleados,penloc2-prog-cuentas:OtrasPrestacionesEconomicasAFavorDeEmpleados_OtrasPrestacionesEconomicasAFavorDeEmpleados,penloc2-econ-gast-cuentas:GastosDePersonal,penloc2-econ-gast-cuentas:GastosCorrientesEnBienesYServicios,penloc2-econ-gast-cuentas:GastosFinancieros,penloc2-econ-gast-cuentas:TransferenciasCorrientes,penloc2-econ-gast-cuentas:FondoDeContingenciaYOtrosImprevistos,penloc2-econ-gast-cuentas:InversionesReales,penloc2-econ-gast-cuentas:EconomicaGastos_TransferenciasDeCapital,penloc2-econ-gast-cuentas:EconomicaGastos_ActivosFinancieros,penloc2-econ-gast-cuentas:EconomicaGastos_PasivosFinancieros
P_PR,23,Servicios Sociales y promoción social,penloc2-prog-cuentas:ServiciosSocialesYPromocionSocial,penloc2-econ-gast-cuentas:GastosDePersonal,penloc2-econ-gast-cuentas:GastosCorrientesEnBienesYServicios,penloc2-econ-gast-cuentas:GastosFinancieros,penloc2-econ-gast-cuentas:TransferenciasCorrientes,penloc2-econ-gast-cuentas:FondoDeContingenciaYOtrosImprevistos,penloc2-econ-gast-cuentas:InversionesReales,penloc2-econ-gast-cuentas:EconomicaGastos_TransferenciasDeCapital,penloc2-econ-gast-cuentas:EconomicaGastos_ActivosFinancieros,penloc2-econ-gast-cuentas:EconomicaGastos_PasivosFinancieros
P_PR,230,Administración General de servicios sociales.,penloc2-prog-cuentas:AdministracionGeneralDeServiciosSociales,penloc2-econ-gast-cuentas:GastosDePersonal,penloc2-econ-gast-cuentas:GastosCorrientesEnBienesYServicios,penloc2-econ-gast-cuentas:GastosFinancieros,penloc2-econ-gast-cuentas:TransferenciasCorrientes,penloc2-econ-gast-cuentas:FondoDeContingenciaYOtrosImprevistos,penloc2-econ-gast-cuentas:InversionesReales,penloc2-econ-gast-cuentas:EconomicaGastos_TransferenciasDeCapital,penloc2-econ-gast-cuentas:EconomicaGastos_ActivosFinancieros,penloc2-econ-gast-cuentas:EconomicaGastos_PasivosFinancieros
P_PR,231,Acción social,penloc2-prog-cuentas:Programas_ActuacionesDeProteccionYPromocionSocial_ServiciosSocialesYPromocionSocial_AccionSocial,penloc2-econ-gast-cuentas:GastosDePersonal,penloc2-econ-gast-cuentas:GastosCorrientesEnBienesYServicios,penloc2-econ-gast-cuentas:GastosFinancieros,penloc2-econ-gast-cuentas:TransferenciasCorrientes,penloc2-econ-gast-cuentas:FondoDeContingenciaYOtrosImprevistos,penloc2-econ-gast-cuentas:InversionesReales,penloc2-econ-gast-cuentas:EconomicaGastos_TransferenciasDeCapital,penloc2-econ-gast-cuentas:EconomicaGastos_ActivosFinancieros,penloc2-econ-gast-cuentas:EconomicaGastos_PasivosFinancieros
P_PR,232,Promoción social,penloc2-prog-cuentas:PromocionSocial,penloc2-econ-gast-cuentas:GastosDePersonal,penloc2-econ-gast-cuentas:GastosCorrientesEnBienesYServicios,penloc2-econ-gast-cuentas:GastosFinancieros,penloc2-econ-gast-cuentas:TransferenciasCorrientes,penloc2-econ-gast-cuentas:FondoDeContingenciaYOtrosImprevistos,penloc2-econ-gast-cuentas:InversionesReales,penloc2-econ-gast-cuentas:EconomicaGastos_TransferenciasDeCapital,penloc2-econ-gast-cuentas:EconomicaGastos_ActivosFinancieros,penloc2-econ-gast-cuentas:EconomicaGastos_PasivosFinancieros
P_PR,233,Asistencia a personas dependientes,penloc2-prog-cuentas:AsistenciaAPersonasDependientes,penloc2-econ-gast-cuentas:GastosDePersonal,penloc2-econ-gast-cuentas:GastosCorrientesEnBienesYServicios,penloc2-econ-gast-cuentas:GastosFinancieros,penloc2-econ-gast-cuentas:TransferenciasCorrientes,penloc2-econ-gast-cuentas:FondoDeContingenciaYOtrosImprevistos,penloc2-econ-gast-cuentas:InversionesReales,penloc2-econ-gast-cuentas:EconomicaGastos_TransferenciasDeCapital,penloc2-econ-gast-cuentas:EconomicaGastos_ActivosFinancieros,penloc2-econ-gast-cuentas:EconomicaGastos_PasivosFinancieros
P_PR,24,Fomento del Empleo,penloc2-prog-cuentas:FomentoDelEmpleo,penloc2-econ-gast-cuentas:GastosDePersonal,penloc2-econ-gast-cuentas:GastosCorrientesEnBienesYServicios,penloc2-econ-gast-cuentas:GastosFinancieros,penloc2-econ-gast-cuentas:TransferenciasCorrientes,penloc2-econ-gast-cuentas:FondoDeContingenciaYOtrosImprevistos,penloc2-econ-gast-cuentas:InversionesReales,penloc2-econ-gast-cuentas:EconomicaGastos_TransferenciasDeCapital,penloc2-econ-gast-cuentas:EconomicaGastos_ActivosFinancieros,penloc2-econ-gast-cuentas:EconomicaGastos_PasivosFinancieros
P_PR,241,Fomento del Empleo,penloc2-prog-cuentas:FomentoDelEmpleo_FomentoDelEmpleo,penloc2-econ-gast-cuentas:GastosDePersonal,penloc2-econ-gast-cuentas:GastosCorrientesEnBienesYServicios,penloc2-econ-gast-cuentas:GastosFinancieros,penloc2-econ-gast-cuentas:TransferenciasCorrientes,penloc2-econ-gast-cuentas:FondoDeContingenciaYOtrosImprevistos,penloc2-econ-gast-cuentas:InversionesReales,penloc2-econ-gast-cuentas:EconomicaGastos_TransferenciasDeCapital,penloc2-econ-gast-cuentas:EconomicaGastos_ActivosFinancieros,penloc2-econ-gast-cuentas:EconomicaGastos_PasivosFinancieros
P_PR,3,PRODUCCIÓN DE BIENES PÚBLICOS DE CARÁCTER PREFERENTE,penloc2-prog-cuentas:ProduccionDeBienesPublicosDeCaracterPreferente,penloc2-econ-gast-cuentas:GastosDePersonal,penloc2-econ-gast-cuentas:GastosCorrientesEnBienesYServicios,penloc2-econ-gast-cuentas:GastosFinancieros,penloc2-econ-gast-cuentas:TransferenciasCorrientes,penloc2-econ-gast-cuentas:FondoDeContingenciaYOtrosImprevistos,penloc2-econ-gast-cuentas:InversionesReales,penloc2-econ-gast-cuentas:EconomicaGastos_TransferenciasDeCapital,penloc2-econ-gast-cuentas:EconomicaGastos_ActivosFinancieros,penloc2-econ-gast-cuentas:EconomicaGastos_PasivosFinancieros
P_PR,31,Sanidad,penloc2-prog-cuentas:Sanidad,penloc2-econ-gast-cuentas:GastosDePersonal,penloc2-econ-gast-cuentas:GastosCorrientesEnBienesYServicios,penloc2-econ-gast-cuentas:GastosFinancieros,penloc2-econ-gast-cuentas:TransferenciasCorrientes,penloc2-econ-gast-cuentas:FondoDeContingenciaYOtrosImprevistos,penloc2-econ-gast-cuentas:InversionesReales,penloc2-econ-gast-cuentas:EconomicaGastos_TransferenciasDeCapital,penloc2-econ-gast-cuentas:EconomicaGastos_ActivosFinancieros,penloc2-econ-gast-cuentas:EconomicaGastos_PasivosFinancieros
P_PR,312,"Hospitales, servicios asistenciales y centros de salud.",penloc2-prog-cuentas:HospitalesServiciosAsistencialesYCentrosDeSalud,penloc2-econ-gast-cuentas:GastosDePersonal,penloc2-econ-gast-cuentas:GastosCorrientesEnBienesYServicios,penloc2-econ-gast-cuentas:GastosFinancieros,penloc2-econ-gast-cuentas:TransferenciasCorrientes,penloc2-econ-gast-cuentas:FondoDeContingenciaYOtrosImprevistos,penloc2-econ-gast-cuentas:InversionesReales,penloc2-econ-gast-cuentas:EconomicaGastos_TransferenciasDeCapital,penloc2-econ-gast-cuentas:EconomicaGastos_ActivosFinancieros,penloc2-econ-gast-cuentas:EconomicaGastos_PasivosFinancieros
P_PR,313,Acciones públicas relativas a la salud.,penloc2-prog-cuentas:AccionesPublicasRelativasALaSalud,penloc2-econ-gast-cuentas:GastosDePersonal,penloc2-econ-gast-cuentas:GastosCorrientesEnBienesYServicios,penloc2-econ-gast-cuentas:GastosFinancieros,penloc2-econ-gast-cuentas:TransferenciasCorrientes,penloc2-econ-gast-cuentas:FondoDeContingenciaYOtrosImprevistos,penloc2-econ-gast-cuentas:InversionesReales,penloc2-econ-gast-cuentas:EconomicaGastos_TransferenciasDeCapital,penloc2-econ-gast-cuentas:EconomicaGastos_ActivosFinancieros,penloc2-econ-gast-cuentas:EconomicaGastos_PasivosFinancieros
P_PR,32,Educación,penloc2-prog-cuentas:Educacion,penloc2-econ-gast-cuentas:GastosDePersonal,penloc2-econ-gast-cuentas:GastosCorrientesEnBienesYServicios,penloc2-econ-gast-cuentas:GastosFinancieros,penloc2-econ-gast-cuentas:TransferenciasCorrientes,penloc2-econ-gast-cuentas:FondoDeContingenciaYOtrosImprevistos,penloc2-econ-gast-cuentas:InversionesReales,penloc2-econ-gast-cuentas:EconomicaGastos_TransferenciasDeCapital,penloc2-econ-gast-cuentas:EconomicaGastos_ActivosFinancieros,penloc2-econ-gast-cuentas:EconomicaGastos_PasivosFinancieros
P_PR,320,Administración general de educación,penloc2-prog-cuentas:AdministracionGeneralDeEducacion,penloc2-econ-gast-cuentas:GastosDePersonal,penloc2-econ-gast-cuentas:GastosCorrientesEnBienesYServicios,penloc2-econ-gast-cuentas:GastosFinancieros,penloc2-econ-gast-cuentas:TransferenciasCorrientes,penloc2-econ-gast-cuentas:FondoDeContingenciaYOtrosImprevistos,penloc2-econ-gast-cuentas:InversionesReales,penloc2-econ-gast-cuentas:EconomicaGastos_TransferenciasDeCapital,penloc2-econ-gast-cuentas:EconomicaGastos_ActivosFinancieros,penloc2-econ-gast-cuentas:EconomicaGastos_PasivosFinancieros
P_PR,321,Enseñanza preescolar y primaria,penloc2-prog-cuentas:EnsenanzaPreescolarYPrimaria,penloc2-econ-gast-cuentas:GastosDePersonal,penloc2-econ-gast-cuentas:GastosCorrientesEnBienesYServicios,penloc2-econ-gast-cuentas:GastosFinancieros,penloc2-econ-gast-cuentas:TransferenciasCorrientes,penloc2-econ-gast-cuentas:FondoDeContingenciaYOtrosImprevistos,penloc2-econ-gast-cuentas:InversionesReales,penloc2-econ-gast-cuentas:EconomicaGastos_TransferenciasDeCapital,penloc2-econ-gast-cuentas:EconomicaGastos_ActivosFinancieros,penloc2-econ-gast-cuentas:EconomicaGastos_PasivosFinancieros
P_PR,322,Enseñanza secundaria,penloc2-prog-cuentas:EnsenanzaSecundaria,penloc2-econ-gast-cuentas:GastosDePersonal,penloc2-econ-gast-cuentas:GastosCorrientesEnBienesYServicios,penloc2-econ-gast-cuentas:GastosFinancieros,penloc2-econ-gast-cuentas:TransferenciasCorrientes,penloc2-econ-gast-cuentas:FondoDeContingenciaYOtrosImprevistos,penloc2-econ-gast-cuentas:InversionesReales,penloc2-econ-gast-cuentas:EconomicaGastos_TransferenciasDeCapital,penloc2-econ-gast-cuentas:EconomicaGastos_ActivosFinancieros,penloc2-econ-gast-cuentas:EconomicaGastos_PasivosFinancieros
P_PR,323,Promoción educativa,penloc2-prog-cuentas:PromocionEducativa,penloc2-econ-gast-cuentas:GastosDePersonal,penloc2-econ-gast-cuentas:GastosCorrientesEnBienesYServicios,penloc2-econ-gast-cuentas:GastosFinancieros,penloc2-econ-gast-cuentas:TransferenciasCorrientes,penloc2-econ-gast-cuentas:FondoDeContingenciaYOtrosImprevistos,penloc2-econ-gast-cuentas:InversionesReales,penloc2-econ-gast-cuentas:EconomicaGastos_TransferenciasDeCapital,penloc2-econ-gast-cuentas:EconomicaGastos_ActivosFinancieros,penloc2-econ-gast-cuentas:EconomicaGastos_PasivosFinancieros
P_PR,324,Servicios complementarios de educación,penloc2-prog-cuentas:ServiciosComplementariosDeEducacion,penloc2-econ-gast-cuentas:GastosDePersonal,penloc2-econ-gast-cuentas:GastosCorrientesEnBienesYServicios,penloc2-econ-gast-cuentas:GastosFinancieros,penloc2-econ-gast-cuentas:TransferenciasCorrientes,penloc2-econ-gast-cuentas:FondoDeContingenciaYOtrosImprevistos,penloc2-econ-gast-cuentas:InversionesReales,penloc2-econ-gast-cuentas:EconomicaGastos_TransferenciasDeCapital,penloc2-econ-gast-cuentas:EconomicaGastos_ActivosFinancieros,penloc2-econ-gast-cuentas:EconomicaGastos_PasivosFinancieros
P_PR,33,Cultura,penloc2-prog-cuentas:Cultura,penloc2-econ-gast-cuentas:GastosDePersonal,penloc2-econ-gast-cuentas:GastosCorrientesEnBienesYServicios,penloc2-econ-gast-cuentas:GastosFinancieros,penloc2-econ-gast-cuentas:TransferenciasCorrientes,penloc2-econ-gast-cuentas:FondoDeContingenciaYOtrosImprevistos,penloc2-econ-gast-cuentas:InversionesReales,penloc2-econ-gast-cuentas:EconomicaGastos_TransferenciasDeCapital,penloc2-econ-gast-cuentas:EconomicaGastos_ActivosFinancieros,penloc2-econ-gast-cuentas:EconomicaGastos_PasivosFinancieros
P_PR,330,Administración General de Cultura,penloc2-prog-cuentas:AdministracionGeneralDeCultura,penloc2-econ-gast-cuentas:GastosDePersonal,penloc2-econ-gast-cuentas:GastosCorrientesEnBienesYServicios,penloc2-econ-gast-cuentas:GastosFinancieros,penloc2-econ-gast-cuentas:TransferenciasCorrientes,penloc2-econ-gast-cuentas:FondoDeContingenciaYOtrosImprevistos,penloc2-econ-gast-cuentas:InversionesReales,penloc2-econ-gast-cuentas:EconomicaGastos_TransferenciasDeCapital,penloc2-econ-gast-cuentas:EconomicaGastos_ActivosFinancieros,penloc2-econ-gast-cuentas:EconomicaGastos_PasivosFinancieros
P_PR,332,Bibliotecas y Archivos,penloc2-prog-cuentas:BibliotecasYArchivos,penloc2-econ-gast-cuentas:GastosDePersonal,penloc2-econ-gast-cuentas:GastosCorrientesEnBienesYServicios,penloc2-econ-gast-cuentas:GastosFinancieros,penloc2-econ-gast-cuentas:TransferenciasCorrientes,penloc2-econ-gast-cuentas:FondoDeContingenciaYOtrosImprevistos,penloc2-econ-gast-cuentas:InversionesReales,penloc2-econ-gast-cuentas:EconomicaGastos_TransferenciasDeCapital,penloc2-econ-gast-cuentas:EconomicaGastos_ActivosFinancieros,penloc2-econ-gast-cuentas:EconomicaGastos_PasivosFinancieros
P_PR,333,Museos y Artes Plásticas,penloc2-prog-cuentas:MuseosYArtesPlasticas,penloc2-econ-gast-cuentas:GastosDePersonal,penloc2-econ-gast-cuentas:GastosCorrientesEnBienesYServicios,penloc2-econ-gast-cuentas:GastosFinancieros,penloc2-econ-gast-cuentas:TransferenciasCorrientes,penloc2-econ-gast-cuentas:FondoDeContingenciaYOtrosImprevistos,penloc2-econ-gast-cuentas:InversionesReales,penloc2-econ-gast-cuentas:EconomicaGastos_TransferenciasDeCapital,penloc2-econ-gast-cuentas:EconomicaGastos_ActivosFinancieros,penloc2-econ-gast-cuentas:EconomicaGastos_PasivosFinancieros
P_PR,334,Promoción cultural,penloc2-prog-cuentas:PromocionCultural,penloc2-econ-gast-cuentas:GastosDePersonal,penloc2-econ-gast-cuentas:GastosCorrientesEnBienesYServicios,penloc2-econ-gast-cuentas:GastosFinancieros,penloc2-econ-gast-cuentas:TransferenciasCorrientes,penloc2-econ-gast-cuentas:FondoDeContingenciaYOtrosImprevistos,penloc2-econ-gast-cuentas:InversionesReales,penloc2-econ-gast-cuentas:EconomicaGastos_TransferenciasDeCapital,penloc2-econ-gast-cuentas:EconomicaGastos_ActivosFinancieros,penloc2-econ-gast-cuentas:EconomicaGastos_PasivosFinancieros
P_PR,335,Artes escénicas,penloc2-prog-cuentas:ArtesEscenicas,penloc2-econ-gast-cuentas:GastosDePersonal,penloc2-econ-gast-cuentas:GastosCorrientesEnBienesYServicios,penloc2-econ-gast-cuentas:GastosFinancieros,penloc2-econ-gast-cuentas:TransferenciasCorrientes,penloc2-econ-gast-cuentas:FondoDeContingenciaYOtrosImprevistos,penloc2-econ-gast-cuentas:InversionesReales,penloc2-econ-gast-cuentas:EconomicaGastos_TransferenciasDeCapital,penloc2-econ-gast-cuentas:EconomicaGastos_ActivosFinancieros,penloc2-econ-gast-cuentas:EconomicaGastos_PasivosFinancieros
P_PR,336,Arqueología y protección del Patrimonio Histórico-Artístico,penloc2-prog-cuentas:ArqueologiaYProteccionDelPatrimonioHistorico-artistico,penloc2-econ-gast-cuentas:GastosDePersonal,penloc2-econ-gast-cuentas:GastosCorrientesEnBienesYServicios,penloc2-econ-gast-cuentas:GastosFinancieros,penloc2-econ-gast-cuentas:TransferenciasCorrientes,penloc2-econ-gast-cuentas:FondoDeContingenciaYOtrosImprevistos,penloc2-econ-gast-cuentas:InversionesReales,penloc2-econ-gast-cuentas:EconomicaGastos_TransferenciasDeCapital,penloc2-econ-gast-cuentas:EconomicaGastos_ActivosFinancieros,penloc2-econ-gast-cuentas:EconomicaGastos_PasivosFinancieros
P_PR,337,Ocio y tiempo libre,penloc2-prog-cuentas:OcioYTiempoLibre,penloc2-econ-gast-cuentas:GastosDePersonal,penloc2-econ-gast-cuentas:GastosCorrientesEnBienesYServicios,penloc2-econ-gast-cuentas:GastosFinancieros,penloc2-econ-gast-cuentas:TransferenciasCorrientes,penloc2-econ-gast-cuentas:FondoDeContingenciaYOtrosImprevistos,penloc2-econ-gast-cuentas:InversionesReales,penloc2-econ-gast-cuentas:EconomicaGastos_TransferenciasDeCapital,penloc2-econ-gast-cuentas:EconomicaGastos_ActivosFinancieros,penloc2-econ-gast-cuentas:EconomicaGastos_PasivosFinancieros
P_PR,338,Fiestas populares y festejos,penloc2-prog-cuentas:FiestasPopularesYFestejos,penloc2-econ-gast-cuentas:GastosDePersonal,penloc2-econ-gast-cuentas:GastosCorrientesEnBienesYServicios,penloc2-econ-gast-cuentas:GastosFinancieros,penloc2-econ-gast-cuentas:TransferenciasCorrientes,penloc2-econ-gast-cuentas:FondoDeContingenciaYOtrosImprevistos,penloc2-econ-gast-cuentas:InversionesReales,penloc2-econ-gast-cuentas:EconomicaGastos_TransferenciasDeCapital,penloc2-econ-gast-cuentas:EconomicaGastos_ActivosFinancieros,penloc2-econ-gast-cuentas:EconomicaGastos_PasivosFinancieros
P_PR,34,Deporte,penloc2-prog-cuentas:Deporte,penloc2-econ-gast-cuentas:GastosDePersonal,penloc2-econ-gast-cuentas:GastosCorrientesEnBienesYServicios,penloc2-econ-gast-cuentas:GastosFinancieros,penloc2-econ-gast-cuentas:TransferenciasCorrientes,penloc2-econ-gast-cuentas:FondoDeContingenciaYOtrosImprevistos,penloc2-econ-gast-cuentas:InversionesReales,penloc2-econ-gast-cuentas:EconomicaGastos_TransferenciasDeCapital,penloc2-econ-gast-cuentas:EconomicaGastos_ActivosFinancieros,penloc2-econ-gast-cuentas:EconomicaGastos_PasivosFinancieros
P_PR,340,Administración General de Deportes.,penloc2-prog-cuentas:AdministracionGeneralDeDeportes,penloc2-econ-gast-cuentas:GastosDePersonal,penloc2-econ-gast-cuentas:GastosCorrientesEnBienesYServicios,penloc2-econ-gast-cuentas:GastosFinancieros,penloc2-econ-gast-cuentas:TransferenciasCorrientes,penloc2-econ-gast-cuentas:FondoDeContingenciaYOtrosImprevistos,penloc2-econ-gast-cuentas:InversionesReales,penloc2-econ-gast-cuentas:EconomicaGastos_TransferenciasDeCapital,penloc2-econ-gast-cuentas:EconomicaGastos_ActivosFinancieros,penloc2-econ-gast-cuentas:EconomicaGastos_PasivosFinancieros
P_PR,341,Promoción y fomento del deporte.,penloc2-prog-cuentas:PromocionYFomentoDelDeporte,penloc2-econ-gast-cuentas:GastosDePersonal,penloc2-econ-gast-cuentas:GastosCorrientesEnBienesYServicios,penloc2-econ-gast-cuentas:GastosFinancieros,penloc2-econ-gast-cuentas:TransferenciasCorrientes,penloc2-econ-gast-cuentas:FondoDeContingenciaYOtrosImprevistos,penloc2-econ-gast-cuentas:InversionesReales,penloc2-econ-gast-cuentas:EconomicaGastos_TransferenciasDeCapital,penloc2-econ-gast-cuentas:EconomicaGastos_ActivosFinancieros,penloc2-econ-gast-cuentas:EconomicaGastos_PasivosFinancieros
P_PR,342,Instalaciones deportivas.,penloc2-prog-cuentas:InstalacionesDeportivas,penloc2-econ-gast-cuentas:GastosDePersonal,penloc2-econ-gast-cuentas:GastosCorrientesEnBienesYServicios,penloc2-econ-gast-cuentas:GastosFinancieros,penloc2-econ-gast-cuentas:TransferenciasCorrientes,penloc2-econ-gast-cuentas:FondoDeContingenciaYOtrosImprevistos,penloc2-econ-gast-cuentas:InversionesReales,penloc2-econ-gast-cuentas:EconomicaGastos_TransferenciasDeCapital,penloc2-econ-gast-cuentas:EconomicaGastos_ActivosFinancieros,penloc2-econ-gast-cuentas:EconomicaGastos_PasivosFinancieros
P_PR,4,ACTUACIONES DE CARÁCTER ECONÓMICO,penloc2-prog-cuentas:ActuacionesDeCaracterEconomico,penloc2-econ-gast-cuentas:GastosDePersonal,penloc2-econ-gast-cuentas:GastosCorrientesEnBienesYServicios,penloc2-econ-gast-cuentas:GastosFinancieros,penloc2-econ-gast-cuentas:TransferenciasCorrientes,penloc2-econ-gast-cuentas:FondoDeContingenciaYOtrosImprevistos,penloc2-econ-gast-cuentas:InversionesReales,penloc2-econ-gast-cuentas:EconomicaGastos_TransferenciasDeCapital,penloc2-econ-gast-cuentas:EconomicaGastos_ActivosFinancieros,penloc2-econ-gast-cuentas:EconomicaGastos_PasivosFinancieros
P_PR,41,"Agricultura, Ganadería y Pesca",penloc2-prog-cuentas:AgriculturaGanaderiaYPesca,penloc2-econ-gast-cuentas:GastosDePersonal,penloc2-econ-gast-cuentas:GastosCorrientesEnBienesYServicios,penloc2-econ-gast-cuentas:GastosFinancieros,penloc2-econ-gast-cuentas:TransferenciasCorrientes,penloc2-econ-gast-cuentas:FondoDeContingenciaYOtrosImprevistos,penloc2-econ-gast-cuentas:InversionesReales,penloc2-econ-gast-cuentas:EconomicaGastos_TransferenciasDeCapital,penloc2-econ-gast-cuentas:EconomicaGastos_ActivosFinancieros,penloc2-econ-gast-cuentas:EconomicaGastos_PasivosFinancieros
P_PR,410,"Administración General de Agricultura, Ganadería y Pesca",penloc2-prog-cuentas:AdministracionGeneralDeAgriculturaGanaderiaYPesca,penloc2-econ-gast-cuentas:GastosDePersonal,penloc2-econ-gast-cuentas:GastosCorrientesEnBienesYServicios,penloc2-econ-gast-cuentas:GastosFinancieros,penloc2-econ-gast-cuentas:TransferenciasCorrientes,penloc2-econ-gast-cuentas:FondoDeContingenciaYOtrosImprevistos,penloc2-econ-gast-cuentas:InversionesReales,penloc2-econ-gast-cuentas:EconomicaGastos_TransferenciasDeCapital,penloc2-econ-gast-cuentas:EconomicaGastos_ActivosFinancieros,penloc2-econ-gast-cuentas:EconomicaGastos_PasivosFinancieros
P_PR,412,Mejora de las estructuras agropecuarias y de los sistemas productivos,penloc2-prog-cuentas:MejoraDeLasEstructurasAgropecuariasYDeLosSistemasProductivos,penloc2-econ-gast-cuentas:GastosDePersonal,penloc2-econ-gast-cuentas:GastosCorrientesEnBienesYServicios,penloc2-econ-gast-cuentas:GastosFinancieros,penloc2-econ-gast-cuentas:TransferenciasCorrientes,penloc2-econ-gast-cuentas:FondoDeContingenciaYOtrosImprevistos,penloc2-econ-gast-cuentas:InversionesReales,penloc2-econ-gast-cuentas:EconomicaGastos_TransferenciasDeCapital,penloc2-econ-gast-cuentas:EconomicaGastos_ActivosFinancieros,penloc2-econ-gast-cuentas:EconomicaGastos_PasivosFinancieros
P_PR,414,Desarrollo rural,penloc2-prog-cuentas:DesarrolloRural,penloc2-econ-gast-cuentas:GastosDePersonal,penloc2-econ-gast-cuentas:GastosCorrientesEnBienesYServicios,penloc2-econ-gast-cuentas:GastosFinancieros,penloc2-econ-gast-cuentas:TransferenciasCorrientes,penloc2-econ-gast-cuentas:FondoDeContingenciaYOtrosImprevistos,penloc2-econ-gast-cuentas:InversionesReales,penloc2-econ-gast-cuentas:EconomicaGastos_TransferenciasDeCapital,penloc2-econ-gast-cuentas:EconomicaGastos_ActivosFinancieros,penloc2-econ-gast-cuentas:EconomicaGastos_PasivosFinancieros
P_PR,415,Protección y desarrollo de los recursos pesqueros.,penloc2-prog-cuentas:ProteccionYDesarrolloDeLosRecursosPesqueros,penloc2-econ-gast-cuentas:GastosDePersonal,penloc2-econ-gast-cuentas:GastosCorrientesEnBienesYServicios,penloc2-econ-gast-cuentas:GastosFinancieros,penloc2-econ-gast-cuentas:TransferenciasCorrientes,penloc2-econ-gast-cuentas:FondoDeContingenciaYOtrosImprevistos,penloc2-econ-gast-cuentas:InversionesReales,penloc2-econ-gast-cuentas:EconomicaGastos_TransferenciasDeCapital,penloc2-econ-gast-cuentas:EconomicaGastos_ActivosFinancieros,penloc2-econ-gast-cuentas:EconomicaGastos_PasivosFinancieros
P_PR,419,"Otras actuaciones en agricultura, ganadería y pesca",penloc2-prog-cuentas:OtrasActuacionesEnAgriculturaGanaderiaYPesca,penloc2-econ-gast-cuentas:GastosDePersonal,penloc2-econ-gast-cuentas:GastosCorrientesEnBienesYServicios,penloc2-econ-gast-cuentas:GastosFinancieros,penloc2-econ-gast-cuentas:TransferenciasCorrientes,penloc2-econ-gast-cuentas:FondoDeContingenciaYOtrosImprevistos,penloc2-econ-gast-cuentas:InversionesReales,penloc2-econ-gast-cuentas:EconomicaGastos_TransferenciasDeCapital,penloc2-econ-gast-cuentas:EconomicaGastos_ActivosFinancieros,penloc2-econ-gast-cuentas:EconomicaGastos_PasivosFinancieros
P_PR,42,Industria y energía,penloc2-prog-cuentas:IndustriaYEnergia,penloc2-econ-gast-cuentas:GastosDePersonal,penloc2-econ-gast-cuentas:GastosCorrientesEnBienesYServicios,penloc2-econ-gast-cuentas:GastosFinancieros,penloc2-econ-gast-cuentas:TransferenciasCorrientes,penloc2-econ-gast-cuentas:FondoDeContingenciaYOtrosImprevistos,penloc2-econ-gast-cuentas:InversionesReales,penloc2-econ-gast-cuentas:EconomicaGastos_TransferenciasDeCapital,penloc2-econ-gast-cuentas:EconomicaGastos_ActivosFinancieros,penloc2-econ-gast-cuentas:EconomicaGastos_PasivosFinancieros
P_PR,420,Administración General de Industria y energía,penloc2-prog-cuentas:AdministracionGeneralDeIndustriaYEnergia,penloc2-econ-gast-cuentas:GastosDePersonal,penloc2-econ-gast-cuentas:GastosCorrientesEnBienesYServicios,penloc2-econ-gast-cuentas:GastosFinancieros,penloc2-econ-gast-cuentas:TransferenciasCorrientes,penloc2-econ-gast-cuentas:FondoDeContingenciaYOtrosImprevistos,penloc2-econ-gast-cuentas:InversionesReales,penloc2-econ-gast-cuentas:EconomicaGastos_TransferenciasDeCapital,penloc2-econ-gast-cuentas:EconomicaGastos_ActivosFinancieros,penloc2-econ-gast-cuentas:EconomicaGastos_PasivosFinancieros
P_PR,422,Industria,penloc2-prog-cuentas:Industria,penloc2-econ-gast-cuentas:GastosDePersonal,penloc2-econ-gast-cuentas:GastosCorrientesEnBienesYServicios,penloc2-econ-gast-cuentas:GastosFinancieros,penloc2-econ-gast-cuentas:TransferenciasCorrientes,penloc2-econ-gast-cuentas:FondoDeContingenciaYOtrosImprevistos,penloc2-econ-gast-cuentas:InversionesReales,penloc2-econ-gast-cuentas:EconomicaGastos_TransferenciasDeCapital,penloc2-econ-gast-cuentas:EconomicaGastos_ActivosFinancieros,penloc2-econ-gast-cuentas:EconomicaGastos_PasivosFinancieros
P_PR,423,Minería,penloc2-prog-cuentas:Mineria,penloc2-econ-gast-cuentas:GastosDePersonal,penloc2-econ-gast-cuentas:GastosCorrientesEnBienesYServicios,penloc2-econ-gast-cuentas:GastosFinancieros,penloc2-econ-gast-cuentas:TransferenciasCorrientes,penloc2-econ-gast-cuentas:FondoDeContingenciaYOtrosImprevistos,penloc2-econ-gast-cuentas:InversionesReales,penloc2-econ-gast-cuentas:EconomicaGastos_TransferenciasDeCapital,penloc2-econ-gast-cuentas:EconomicaGastos_ActivosFinancieros,penloc2-econ-gast-cuentas:EconomicaGastos_PasivosFinancieros
P_PR,425,Energía,penloc2-prog-cuentas:Energia,penloc2-econ-gast-cuentas:GastosDePersonal,penloc2-econ-gast-cuentas:GastosCorrientesEnBienesYServicios,penloc2-econ-gast-cuentas:GastosFinancieros,penloc2-econ-gast-cuentas:TransferenciasCorrientes,penloc2-econ-gast-cuentas:FondoDeContingenciaYOtrosImprevistos,penloc2-econ-gast-cuentas:InversionesReales,penloc2-econ-gast-cuentas:EconomicaGastos_TransferenciasDeCapital,penloc2-econ-gast-cuentas:EconomicaGastos_ActivosFinancieros,penloc2-econ-gast-cuentas:EconomicaGastos_PasivosFinancieros
P_PR,43,"Comercio, turismo y pequeñas y medianas empresas",penloc2-prog-cuentas:ComercioTurismoYPequenasYMedianasEmpresas,penloc2-econ-gast-cuentas:GastosDePersonal,penloc2-econ-gast-cuentas:GastosCorrientesEnBienesYServicios,penloc2-econ-gast-cuentas:GastosFinancieros,penloc2-econ-gast-cuentas:TransferenciasCorrientes,penloc2-econ-gast-cuentas:FondoDeContingenciaYOtrosImprevistos,penloc2-econ-gast-cuentas:InversionesReales,penloc2-econ-gast-cuentas:EconomicaGastos_TransferenciasDeCapital,penloc2-econ-gast-cuentas:EconomicaGastos_ActivosFinancieros,penloc2-econ-gast-cuentas:EconomicaGastos_PasivosFinancieros
P_PR,430,"Administración General de Comercio, turismo y pequeñas y medianas empresas",penloc2-prog-cuentas:AdministracionGeneralDeComercioTurismoYPequenasYMedianasEmpresas,penloc2-econ-gast-cuentas:GastosDePersonal,penloc2-econ-gast-cuentas:GastosCorrientesEnBienesYServicios,penloc2-econ-gast-cuentas:GastosFinancieros,penloc2-econ-gast-cuentas:TransferenciasCorrientes,penloc2-econ-gast-cuentas:FondoDeContingenciaYOtrosImprevistos,penloc2-econ-gast-cuentas:InversionesReales,penloc2-econ-gast-cuentas:EconomicaGastos_TransferenciasDeCapital,penloc2-econ-gast-cuentas:EconomicaGastos_ActivosFinancieros,penloc2-econ-gast-cuentas:EconomicaGastos_PasivosFinancieros
P_PR,431,Comercio,penloc2-prog-cuentas:Comercio,penloc2-econ-gast-cuentas:GastosDePersonal,penloc2-econ-gast-cuentas:GastosCorrientesEnBienesYServicios,penloc2-econ-gast-cuentas:GastosFinancieros,penloc2-econ-gast-cuentas:TransferenciasCorrientes,penloc2-econ-gast-cuentas:FondoDeContingenciaYOtrosImprevistos,penloc2-econ-gast-cuentas:InversionesReales,penloc2-econ-gast-cuentas:EconomicaGastos_TransferenciasDeCapital,penloc2-econ-gast-cuentas:EconomicaGastos_ActivosFinancieros,penloc2-econ-gast-cuentas:EconomicaGastos_PasivosFinancieros
P_PR,432,Ordenación y promoción turística,penloc2-prog-cuentas:OrdenacionYPromocionTuristica,penloc2-econ-gast-cuentas:GastosDePersonal,penloc2-econ-gast-cuentas:GastosCorrientesEnBienesYServicios,penloc2-econ-gast-cuentas:GastosFinancieros,penloc2-econ-gast-cuentas:TransferenciasCorrientes,penloc2-econ-gast-cuentas:FondoDeContingenciaYOtrosImprevistos,penloc2-econ-gast-cuentas:InversionesReales,penloc2-econ-gast-cuentas:EconomicaGastos_TransferenciasDeCapital,penloc2-econ-gast-cuentas:EconomicaGastos_ActivosFinancieros,penloc2-econ-gast-cuentas:EconomicaGastos_PasivosFinancieros
P_PR,433,Desarrollo empresarial,penloc2-prog-cuentas:DesarrolloEmpresarial,penloc2-econ-gast-cuentas:GastosDePersonal,penloc2-econ-gast-cuentas:GastosCorrientesEnBienesYServicios,penloc2-econ-gast-cuentas:GastosFinancieros,penloc2-econ-gast-cuentas:TransferenciasCorrientes,penloc2-econ-gast-cuentas:FondoDeContingenciaYOtrosImprevistos,penloc2-econ-gast-cuentas:InversionesReales,penloc2-econ-gast-cuentas:EconomicaGastos_TransferenciasDeCapital,penloc2-econ-gast-cuentas:EconomicaGastos_ActivosFinancieros,penloc2-econ-gast-cuentas:EconomicaGastos_PasivosFinancieros
P_PR,439,Otras actuaciones sectoriales,penloc2-prog-cuentas:OtrasActuacionesSectoriales,penloc2-econ-gast-cuentas:GastosDePersonal,penloc2-econ-gast-cuentas:GastosCorrientesEnBienesYServicios,penloc2-econ-gast-cuentas:GastosFinancieros,penloc2-econ-gast-cuentas:TransferenciasCorrientes,penloc2-econ-gast-cuentas:FondoDeContingenciaYOtrosImprevistos,penloc2-econ-gast-cuentas:InversionesReales,penloc2-econ-gast-cuentas:EconomicaGastos_TransferenciasDeCapital,penloc2-econ-gast-cuentas:EconomicaGastos_ActivosFinancieros,penloc2-econ-gast-cuentas:EconomicaGastos_PasivosFinancieros
P_PR,44,Transporte público,penloc2-prog-cuentas:TransportePublico,penloc2-econ-gast-cuentas:GastosDePersonal,penloc2-econ-gast-cuentas:GastosCorrientesEnBienesYServicios,penloc2-econ-gast-cuentas:GastosFinancieros,penloc2-econ-gast-cuentas:TransferenciasCorrientes,penloc2-econ-gast-cuentas:FondoDeContingenciaYOtrosImprevistos,penloc2-econ-gast-cuentas:InversionesReales,penloc2-econ-gast-cuentas:EconomicaGastos_TransferenciasDeCapital,penloc2-econ-gast-cuentas:EconomicaGastos_ActivosFinancieros,penloc2-econ-gast-cuentas:EconomicaGastos_PasivosFinancieros
P_PR,440,Administración general del transporte,penloc2-prog-cuentas:AdministracionGeneralDelTransporte,penloc2-econ-gast-cuentas:GastosDePersonal,penloc2-econ-gast-cuentas:GastosCorrientesEnBienesYServicios,penloc2-econ-gast-cuentas:GastosFinancieros,penloc2-econ-gast-cuentas:TransferenciasCorrientes,penloc2-econ-gast-cuentas:FondoDeContingenciaYOtrosImprevistos,penloc2-econ-gast-cuentas:InversionesReales,penloc2-econ-gast-cuentas:EconomicaGastos_TransferenciasDeCapital,penloc2-econ-gast-cuentas:EconomicaGastos_ActivosFinancieros,penloc2-econ-gast-cuentas:EconomicaGastos_PasivosFinancieros
P_PR,441,"Promoción, mantenimiento y desarrollo del transporte",penloc2-prog-cuentas:PromocionMantenimientoYDesarrolloDelTransporte,penloc2-econ-gast-cuentas:GastosDePersonal,penloc2-econ-gast-cuentas:GastosCorrientesEnBienesYServicios,penloc2-econ-gast-cuentas:GastosFinancieros,penloc2-econ-gast-cuentas:TransferenciasCorrientes,penloc2-econ-gast-cuentas:FondoDeContingenciaYOtrosImprevistos,penloc2-econ-gast-cuentas:InversionesReales,penloc2-econ-gast-cuentas:EconomicaGastos_TransferenciasDeCapital,penloc2-econ-gast-cuentas:EconomicaGastos_ActivosFinancieros,penloc2-econ-gast-cuentas:EconomicaGastos_PasivosFinancieros
P_PR,442,Infraestructuras del transporte,penloc2-prog-cuentas:InfraestructurasDelTransporte,penloc2-econ-gast-cuentas:GastosDePersonal,penloc2-econ-gast-cuentas:GastosCorrientesEnBienesYServicios,penloc2-econ-gast-cuentas:GastosFinancieros,penloc2-econ-gast-cuentas:TransferenciasCorrientes,penloc2-econ-gast-cuentas:FondoDeContingenciaYOtrosImprevistos,penloc2-econ-gast-cuentas:InversionesReales,penloc2-econ-gast-cuentas:EconomicaGastos_TransferenciasDeCapital,penloc2-econ-gast-cuentas:EconomicaGastos_ActivosFinancieros,penloc2-econ-gast-cuentas:EconomicaGastos_PasivosFinancieros
P_PR,45,Infraestructuras,penloc2-prog-cuentas:Infraestructuras,penloc2-econ-gast-cuentas:GastosDePersonal,penloc2-econ-gast-cuentas:GastosCorrientesEnBienesYServicios,penloc2-econ-gast-cuentas:GastosFinancieros,penloc2-econ-gast-cuentas:TransferenciasCorrientes,penloc2-econ-gast-cuentas:FondoDeContingenciaYOtrosImprevistos,penloc2-econ-gast-cuentas:InversionesReales,penloc2-econ-gast-cuentas:EconomicaGastos_TransferenciasDeCapital,penloc2-econ-gast-cuentas:EconomicaGastos_ActivosFinancieros,penloc2-econ-gast-cuentas:EconomicaGastos_PasivosFinancieros
P_PR,450,Administración General de Infraestructuras,penloc2-prog-cuentas:AdministracionGeneralDeInfraestructuras,penloc2-econ-gast-cuentas:GastosDePersonal,penloc2-econ-gast-cuentas:GastosCorrientesEnBienesYServicios,penloc2-econ-gast-cuentas:GastosFinancieros,penloc2-econ-gast-cuentas:TransferenciasCorrientes,penloc2-econ-gast-cuentas:FondoDeContingenciaYOtrosImprevistos,penloc2-econ-gast-cuentas:InversionesReales,penloc2-econ-gast-cuentas:EconomicaGastos_TransferenciasDeCapital,penloc2-econ-gast-cuentas:EconomicaGastos_ActivosFinancieros,penloc2-econ-gast-cuentas:EconomicaGastos_PasivosFinancieros
P_PR,452,Recursos Hidráulicos,penloc2-prog-cuentas:RecursosHidraulicos,penloc2-econ-gast-cuentas:GastosDePersonal,penloc2-econ-gast-cuentas:GastosCorrientesEnBienesYServicios,penloc2-econ-gast-cuentas:GastosFinancieros,penloc2-econ-gast-cuentas:TransferenciasCorrientes,penloc2-econ-gast-cuentas:FondoDeContingenciaYOtrosImprevistos,penloc2-econ-gast-cuentas:InversionesReales,penloc2-econ-gast-cuentas:EconomicaGastos_TransferenciasDeCapital,penloc2-econ-gast-cuentas:EconomicaGastos_ActivosFinancieros,penloc2-econ-gast-cuentas:EconomicaGastos_PasivosFinancieros
P_PR,453,Carreteras,penloc2-prog-cuentas:Carreteras,penloc2-econ-gast-cuentas:GastosDePersonal,penloc2-econ-gast-cuentas:GastosCorrientesEnBienesYServicios,penloc2-econ-gast-cuentas:GastosFinancieros,penloc2-econ-gast-cuentas:TransferenciasCorrientes,penloc2-econ-gast-cuentas:FondoDeContingenciaYOtrosImprevistos,penloc2-econ-gast-cuentas:InversionesReales,penloc2-econ-gast-cuentas:EconomicaGastos_TransferenciasDeCapital,penloc2-econ-gast-cuentas:EconomicaGastos_ActivosFinancieros,penloc2-econ-gast-cuentas:EconomicaGastos_PasivosFinancieros
P_PR,454,Caminos vecinales.,penloc2-prog-cuentas:CaminosVecinales,penloc2-econ-gast-cuentas:GastosDePersonal,penloc2-econ-gast-cuentas:GastosCorrientesEnBienesYServicios,penloc2-econ-gast-cuentas:GastosFinancieros,penloc2-econ-gast-cuentas:TransferenciasCorrientes,penloc2-econ-gast-cuentas:FondoDeContingenciaYOtrosImprevistos,penloc2-econ-gast-cuentas:InversionesReales,penloc2-econ-gast-cuentas:EconomicaGastos_TransferenciasDeCapital,penloc2-econ-gast-cuentas:EconomicaGastos_ActivosFinancieros,penloc2-econ-gast-cuentas:EconomicaGastos_PasivosFinancieros
P_PR,459,Otras infraestructuras,penloc2-prog-cuentas:OtrasInfraestructuras,penloc2-econ-gast-cuentas:GastosDePersonal,penloc2-econ-gast-cuentas:GastosCorrientesEnBienesYServicios,penloc2-econ-gast-cuentas:GastosFinancieros,penloc2-econ-gast-cuentas:TransferenciasCorrientes,penloc2-econ-gast-cuentas:FondoDeContingenciaYOtrosImprevistos,penloc2-econ-gast-cuentas:InversionesReales,penloc2-econ-gast-cuentas:EconomicaGastos_TransferenciasDeCapital,penloc2-econ-gast-cuentas:EconomicaGastos_ActivosFinancieros,penloc2-econ-gast-cuentas:EconomicaGastos_PasivosFinancieros
P_PR,46,"Investigación, desarrollo e innovación",penloc2-prog-cuentas:InvestigacionDesarrolloEInnovacion,penloc2-econ-gast-cuentas:GastosDePersonal,penloc2-econ-gast-cuentas:GastosCorrientesEnBienesYServicios,penloc2-econ-gast-cuentas:GastosFinancieros,penloc2-econ-gast-cuentas:TransferenciasCorrientes,penloc2-econ-gast-cuentas:FondoDeContingenciaYOtrosImprevistos,penloc2-econ-gast-cuentas:InversionesReales,penloc2-econ-gast-cuentas:EconomicaGastos_TransferenciasDeCapital,penloc2-econ-gast-cuentas:EconomicaGastos_ActivosFinancieros,penloc2-econ-gast-cuentas:EconomicaGastos_PasivosFinancieros
P_PR,462,Investigación y estudios relacionados con los servicios públicos,penloc2-prog-cuentas:InvestigacionYEstudiosRelacionadosConLosServiciosPublicos,penloc2-econ-gast-cuentas:GastosDePersonal,penloc2-econ-gast-cuentas:GastosCorrientesEnBienesYServicios,penloc2-econ-gast-cuentas:GastosFinancieros,penloc2-econ-gast-cuentas:TransferenciasCorrientes,penloc2-econ-gast-cuentas:FondoDeContingenciaYOtrosImprevistos,penloc2-econ-gast-cuentas:InversionesReales,penloc2-econ-gast-cuentas:EconomicaGastos_TransferenciasDeCapital,penloc2-econ-gast-cuentas:EconomicaGastos_ActivosFinancieros,penloc2-econ-gast-cuentas:EconomicaGastos_PasivosFinancieros
P_PR,463,"Investigación científica, técnica y aplicada.",penloc2-prog-cuentas:InvestigacionCientificaTecnicaYAplicada,penloc2-econ-gast-cuentas:GastosDePersonal,penloc2-econ-gast-cuentas:GastosCorrientesEnBienesYServicios,penloc2-econ-gast-cuentas:GastosFinancieros,penloc2-econ-gast-cuentas:TransferenciasCorrientes,penloc2-econ-gast-cuentas:FondoDeContingenciaYOtrosImprevistos,penloc2-econ-gast-cuentas:InversionesReales,penloc2-econ-gast-cuentas:EconomicaGastos_TransferenciasDeCapital,penloc2-econ-gast-cuentas:EconomicaGastos_ActivosFinancieros,penloc2-econ-gast-cuentas:EconomicaGastos_PasivosFinancieros
P_PR,49,Otras actuaciones de carácter económico,penloc2-prog-cuentas:OtrasActuacionesDeCaracterEconomico,penloc2-econ-gast-cuentas:GastosDePersonal,penloc2-econ-gast-cuentas:GastosCorrientesEnBienesYServicios,penloc2-econ-gast-cuentas:GastosFinancieros,penloc2-econ-gast-cuentas:TransferenciasCorrientes,penloc2-econ-gast-cuentas:FondoDeContingenciaYOtrosImprevistos,penloc2-econ-gast-cuentas:InversionesReales,penloc2-econ-gast-cuentas:EconomicaGastos_TransferenciasDeCapital,penloc2-econ-gast-cuentas:EconomicaGastos_ActivosFinancieros,penloc2-econ-gast-cuentas:EconomicaGastos_PasivosFinancieros
P_PR,491,Sociedad de la información,penloc2-prog-cuentas:SociedadDeLaInformacion,penloc2-econ-gast-cuentas:GastosDePersonal,penloc2-econ-gast-cuentas:GastosCorrientesEnBienesYServicios,penloc2-econ-gast-cuentas:GastosFinancieros,penloc2-econ-gast-cuentas:TransferenciasCorrientes,penloc2-econ-gast-cuentas:FondoDeContingenciaYOtrosImprevistos,penloc2-econ-gast-cuentas:InversionesReales,penloc2-econ-gast-cuentas:EconomicaGastos_TransferenciasDeCapital,penloc2-econ-gast-cuentas:EconomicaGastos_ActivosFinancieros,penloc2-econ-gast-cuentas:EconomicaGastos_PasivosFinancieros
P_PR,492,Gestión del conocimiento,penloc2-prog-cuentas:GestionDelConocimiento,penloc2-econ-gast-cuentas:GastosDePersonal,penloc2-econ-gast-cuentas:GastosCorrientesEnBienesYServicios,penloc2-econ-gast-cuentas:GastosFinancieros,penloc2-econ-gast-cuentas:TransferenciasCorrientes,penloc2-econ-gast-cuentas:FondoDeContingenciaYOtrosImprevistos,penloc2-econ-gast-cuentas:InversionesReales,penloc2-econ-gast-cuentas:EconomicaGastos_TransferenciasDeCapital,penloc2-econ-gast-cuentas:EconomicaGastos_ActivosFinancieros,penloc2-econ-gast-cuentas:EconomicaGastos_PasivosFinancieros
P_PR,493,Oficinas de defensa al consumidor,penloc2-prog-cuentas:OficinasDeDefensaAlConsumidor,penloc2-econ-gast-cuentas:GastosDePersonal,penloc2-econ-gast-cuentas:GastosCorrientesEnBienesYServicios,penloc2-econ-gast-cuentas:GastosFinancieros,penloc2-econ-gast-cuentas:TransferenciasCorrientes,penloc2-econ-gast-cuentas:FondoDeContingenciaYOtrosImprevistos,penloc2-econ-gast-cuentas:InversionesReales,penloc2-econ-gast-cuentas:EconomicaGastos_TransferenciasDeCapital,penloc2-econ-gast-cuentas:EconomicaGastos_ActivosFinancieros,penloc2-econ-gast-cuentas:EconomicaGastos_PasivosFinancieros
P_PR,9,ACTUACIONES DE CARÁCTER GENERAL,penloc2-prog-cuentas:ActuacionesDeCaracterGeneral,penloc2-econ-gast-cuentas:GastosDePersonal,penloc2-econ-gast-cuentas:GastosCorrientesEnBienesYServicios,penloc2-econ-gast-cuentas:GastosFinancieros,penloc2-econ-gast-cuentas:TransferenciasCorrientes,penloc2-econ-gast-cuentas:FondoDeContingenciaYOtrosImprevistos,penloc2-econ-gast-cuentas:InversionesReales,penloc2-econ-gast-cuentas:EconomicaGastos_TransferenciasDeCapital,penloc2-econ-gast-cuentas:EconomicaGastos_ActivosFinancieros,penloc2-econ-gast-cuentas:EconomicaGastos_PasivosFinancieros
P_PR,91,Órganos de gobierno,penloc2-prog-cuentas:OrganosDeGobierno,penloc2-econ-gast-cuentas:GastosDePersonal,penloc2-econ-gast-cuentas:GastosCorrientesEnBienesYServicios,penloc2-econ-gast-cuentas:GastosFinancieros,penloc2-econ-gast-cuentas:TransferenciasCorrientes,penloc2-econ-gast-cuentas:FondoDeContingenciaYOtrosImprevistos,penloc2-econ-gast-cuentas:InversionesReales,penloc2-econ-gast-cuentas:EconomicaGastos_TransferenciasDeCapital,penloc2-econ-gast-cuentas:EconomicaGastos_ActivosFinancieros,penloc2-econ-gast-cuentas:EconomicaGastos_PasivosFinancieros
P_PR,912,Órganos de gobierno,penloc2-prog-cuentas:OrganosDeGobierno_OrganosDeGobierno,penloc2-econ-gast-cuentas:GastosDePersonal,penloc2-econ-gast-cuentas:GastosCorrientesEnBienesYServicios,penloc2-econ-gast-cuentas:GastosFinancieros,penloc2-econ-gast-cuentas:TransferenciasCorrientes,penloc2-econ-gast-cuentas:FondoDeContingenciaYOtrosImprevistos,penloc2-econ-gast-cuentas:InversionesReales,penloc2-econ-gast-cuentas:EconomicaGastos_TransferenciasDeCapital,penloc2-econ-gast-cuentas:EconomicaGastos_ActivosFinancieros,penloc2-econ-gast-cuentas:EconomicaGastos_PasivosFinancieros
P_PR,92,Servicios de carácter general,penloc2-prog-cuentas:ServiciosDeCaracterGeneral,penloc2-econ-gast-cuentas:GastosDePersonal,penloc2-econ-gast-cuentas:GastosCorrientesEnBienesYServicios,penloc2-econ-gast-cuentas:GastosFinancieros,penloc2-econ-gast-cuentas:TransferenciasCorrientes,penloc2-econ-gast-cuentas:FondoDeContingenciaYOtrosImprevistos,penloc2-econ-gast-cuentas:InversionesReales,penloc2-econ-gast-cuentas:EconomicaGastos_TransferenciasDeCapital,penloc2-econ-gast-cuentas:EconomicaGastos_ActivosFinancieros,penloc2-econ-gast-cuentas:EconomicaGastos_PasivosFinancieros
P_PR,920,Administración General,penloc2-prog-cuentas:AdministracionGeneral,penloc2-econ-gast-cuentas:GastosDePersonal,penloc2-econ-gast-cuentas:GastosCorrientesEnBienesYServicios,penloc2-econ-gast-cuentas:GastosFinancieros,penloc2-econ-gast-cuentas:TransferenciasCorrientes,penloc2-econ-gast-cuentas:FondoDeContingenciaYOtrosImprevistos,penloc2-econ-gast-cuentas:InversionesReales,penloc2-econ-gast-cuentas:EconomicaGastos_TransferenciasDeCapital,penloc2-econ-gast-cuentas:EconomicaGastos_ActivosFinancieros,penloc2-econ-gast-cuentas:EconomicaGastos_PasivosFinancieros
P_PR,922,Coordinación y organización institucional de las entidades locales,penloc2-prog-cuentas:CoordinacionYOrganizacionInstitucionalDeLasEntidadesLocales,penloc2-econ-gast-cuentas:GastosDePersonal,penloc2-econ-gast-cuentas:GastosCorrientesEnBienesYServicios,penloc2-econ-gast-cuentas:GastosFinancieros,penloc2-econ-gast-cuentas:TransferenciasCorrientes,penloc2-econ-gast-cuentas:FondoDeContingenciaYOtrosImprevistos,penloc2-econ-gast-cuentas:InversionesReales,penloc2-econ-gast-cuentas:EconomicaGastos_TransferenciasDeCapital,penloc2-econ-gast-cuentas:EconomicaGastos_ActivosFinancieros,penloc2-econ-gast-cuentas:EconomicaGastos_PasivosFinancieros
P_PR,923,Información básica y estadística,penloc2-prog-cuentas:InformacionBasicaYEstadistica,penloc2-econ-gast-cuentas:GastosDePersonal,penloc2-econ-gast-cuentas:GastosCorrientesEnBienesYServicios,penloc2-econ-gast-cuentas:GastosFinancieros,penloc2-econ-gast-cuentas:TransferenciasCorrientes,penloc2-econ-gast-cuentas:FondoDeContingenciaYOtrosImprevistos,penloc2-econ-gast-cuentas:InversionesReales,penloc2-econ-gast-cuentas:EconomicaGastos_TransferenciasDeCapital,penloc2-econ-gast-cuentas:EconomicaGastos_ActivosFinancieros,penloc2-econ-gast-cuentas:EconomicaGastos_PasivosFinancieros
P_PR,924,Participación ciudadana,penloc2-prog-cuentas:ParticipacionCiudadana,penloc2-econ-gast-cuentas:GastosDePersonal,penloc2-econ-gast-cuentas:GastosCorrientesEnBienesYServicios,penloc2-econ-gast-cuentas:GastosFinancieros,penloc2-econ-gast-cuentas:TransferenciasCorrientes,penloc2-econ-gast-cuentas:FondoDeContingenciaYOtrosImprevistos,penloc2-econ-gast-cuentas:InversionesReales,penloc2-econ-gast-cuentas:EconomicaGastos_TransferenciasDeCapital,penloc2-econ-gast-cuentas:EconomicaGastos_ActivosFinancieros,penloc2-econ-gast-cuentas:EconomicaGastos_PasivosFinancieros
P_PR,925,Atención a los ciudadanos.,penloc2-prog-cuentas:AtencionALosCiudadanos,penloc2-econ-gast-cuentas:GastosDePersonal,penloc2-econ-gast-cuentas:GastosCorrientesEnBienesYServicios,penloc2-econ-gast-cuentas:GastosFinancieros,penloc2-econ-gast-cuentas:TransferenciasCorrientes,penloc2-econ-gast-cuentas:FondoDeContingenciaYOtrosImprevistos,penloc2-econ-gast-cuentas:InversionesReales,penloc2-econ-gast-cuentas:EconomicaGastos_TransferenciasDeCapital,penloc2-econ-gast-cuentas:EconomicaGastos_ActivosFinancieros,penloc2-econ-gast-cuentas:EconomicaGastos_PasivosFinancieros
P_PR,926,Comunicaciones internas.,penloc2-prog-cuentas:ComunicacionesInternas,penloc2-econ-gast-cuentas:GastosDePersonal,penloc2-econ-gast-cuentas:GastosCorrientesEnBienesYServicios,penloc2-econ-gast-cuentas:GastosFinancieros,penloc2-econ-gast-cuentas:TransferenciasCorrientes,penloc2-econ-gast-cuentas:FondoDeContingenciaYOtrosImprevistos,penloc2-econ-gast-cuentas:InversionesReales,penloc2-econ-gast-cuentas:EconomicaGastos_TransferenciasDeCapital,penloc2-econ-gast-cuentas:EconomicaGastos_ActivosFinancieros,penloc2-econ-gast-cuentas:EconomicaGastos_PasivosFinancieros
P_PR,929,Imprevistos y funciones no clasificadas..,penloc2-prog-cuentas:ImprevistosYFuncionesNoClasificadas,penloc2-econ-gast-cuentas:GastosDePersonal,penloc2-econ-gast-cuentas:GastosCorrientesEnBienesYServicios,penloc2-econ-gast-cuentas:GastosFinancieros,penloc2-econ-gast-cuentas:TransferenciasCorrientes,penloc2-econ-gast-cuentas:FondoDeContingenciaYOtrosImprevistos,penloc2-econ-gast-cuentas:InversionesReales,penloc2-econ-gast-cuentas:EconomicaGastos_TransferenciasDeCapital,penloc2-econ-gast-cuentas:EconomicaGastos_ActivosFinancieros,penloc2-econ-gast-cuentas:EconomicaGastos_PasivosFinancieros
P_PR,93,Administración financiera y tributaria,penloc2-prog-cuentas:AdministracionFinancieraYTributaria,penloc2-econ-gast-cuentas:GastosDePersonal,penloc2-econ-gast-cuentas:GastosCorrientesEnBienesYServicios,penloc2-econ-gast-cuentas:GastosFinancieros,penloc2-econ-gast-cuentas:TransferenciasCorrientes,penloc2-econ-gast-cuentas:FondoDeContingenciaYOtrosImprevistos,penloc2-econ-gast-cuentas:InversionesReales,penloc2-econ-gast-cuentas:EconomicaGastos_TransferenciasDeCapital,penloc2-econ-gast-cuentas:EconomicaGastos_ActivosFinancieros,penloc2-econ-gast-cuentas:EconomicaGastos_PasivosFinancieros
P_PR,931,Política económica y fiscal,penloc2-prog-cuentas:PoliticaEconomicaYFiscal,penloc2-econ-gast-cuentas:GastosDePersonal,penloc2-econ-gast-cuentas:GastosCorrientesEnBienesYServicios,penloc2-econ-gast-cuentas:GastosFinancieros,penloc2-econ-gast-cuentas:TransferenciasCorrientes,penloc2-econ-gast-cuentas:FondoDeContingenciaYOtrosImprevistos,penloc2-econ-gast-cuentas:InversionesReales,penloc2-econ-gast-cuentas:EconomicaGastos_TransferenciasDeCapital,penloc2-econ-gast-cuentas:EconomicaGastos_ActivosFinancieros,penloc2-econ-gast-cuentas:EconomicaGastos_PasivosFinancieros
P_PR,932,Gestión del sistema tributario,penloc2-prog-cuentas:GestionDelSistemaTributario,penloc2-econ-gast-cuentas:GastosDePersonal,penloc2-econ-gast-cuentas:GastosCorrientesEnBienesYServicios,penloc2-econ-gast-cuentas:GastosFinancieros,penloc2-econ-gast-cuentas:TransferenciasCorrientes,penloc2-econ-gast-cuentas:FondoDeContingenciaYOtrosImprevistos,penloc2-econ-gast-cuentas:InversionesReales,penloc2-econ-gast-cuentas:EconomicaGastos_TransferenciasDeCapital,penloc2-econ-gast-cuentas:EconomicaGastos_ActivosFinancieros,penloc2-econ-gast-cuentas:EconomicaGastos_PasivosFinancieros
P_PR,933,Gestión del patrimonio,penloc2-prog-cuentas:GestionDelPatrimonio,penloc2-econ-gast-cuentas:GastosDePersonal,penloc2-econ-gast-cuentas:GastosCorrientesEnBienesYServicios,penloc2-econ-gast-cuentas:GastosFinancieros,penloc2-econ-gast-cuentas:TransferenciasCorrientes,penloc2-econ-gast-cuentas:FondoDeContingenciaYOtrosImprevistos,penloc2-econ-gast-cuentas:InversionesReales,penloc2-econ-gast-cuentas:EconomicaGastos_TransferenciasDeCapital,penloc2-econ-gast-cuentas:EconomicaGastos_ActivosFinancieros,penloc2-econ-gast-cuentas:EconomicaGastos_PasivosFinancieros
P_PR,934,Gestión de la deuda y de la tesorería,penloc2-prog-cuentas:GestionDeLaDeudaYDeLaTesoreria,penloc2-econ-gast-cuentas:GastosDePersonal,penloc2-econ-gast-cuentas:GastosCorrientesEnBienesYServicios,penloc2-econ-gast-cuentas:GastosFinancieros,penloc2-econ-gast-cuentas:TransferenciasCorrientes,penloc2-econ-gast-cuentas:FondoDeContingenciaYOtrosImprevistos,penloc2-econ-gast-cuentas:InversionesReales,penloc2-econ-gast-cuentas:EconomicaGastos_TransferenciasDeCapital,penloc2-econ-gast-cuentas:EconomicaGastos_ActivosFinancieros,penloc2-econ-gast-cuentas:EconomicaGastos_PasivosFinancieros
P_PR,94,Transferencias a otras Administraciones Públicas,penloc2-prog-cuentas:TransferenciasAOtrasAdministracionesPublicas,penloc2-econ-gast-cuentas:GastosDePersonal,penloc2-econ-gast-cuentas:GastosCorrientesEnBienesYServicios,penloc2-econ-gast-cuentas:GastosFinancieros,penloc2-econ-gast-cuentas:TransferenciasCorrientes,penloc2-econ-gast-cuentas:FondoDeContingenciaYOtrosImprevistos,penloc2-econ-gast-cuentas:InversionesReales,penloc2-econ-gast-cuentas:EconomicaGastos_TransferenciasDeCapital,penloc2-econ-gast-cuentas:EconomicaGastos_ActivosFinancieros,penloc2-econ-gast-cuentas:EconomicaGastos_PasivosFinancieros
P_PR,941,Transferencias a Comunidades Autónomas,penloc2-prog-cuentas:TransferenciasAComunidadesAutonomas,penloc2-econ-gast-cuentas:GastosDePersonal,penloc2-econ-gast-cuentas:GastosCorrientesEnBienesYServicios,penloc2-econ-gast-cuentas:GastosFinancieros,penloc2-econ-gast-cuentas:TransferenciasCorrientes,penloc2-econ-gast-cuentas:FondoDeContingenciaYOtrosImprevistos,penloc2-econ-gast-cuentas:InversionesReales,penloc2-econ-gast-cuentas:EconomicaGastos_TransferenciasDeCapital,penloc2-econ-gast-cuentas:EconomicaGastos_ActivosFinancieros,penloc2-econ-gast-cuentas:EconomicaGastos_PasivosFinancieros
P_PR,942,Transferencias a Entidades Locales territoriales,penloc2-prog-cuentas:TransferenciasAEntidadesLocalesTerritoriales,penloc2-econ-gast-cuentas:GastosDePersonal,penloc2-econ-gast-cuentas:GastosCorrientesEnBienesYServicios,penloc2-econ-gast-cuentas:GastosFinancieros,penloc2-econ-gast-cuentas:TransferenciasCorrientes,penloc2-econ-gast-cuentas:FondoDeContingenciaYOtrosImprevistos,penloc2-econ-gast-cuentas:InversionesReales,penloc2-econ-gast-cuentas:EconomicaGastos_TransferenciasDeCapital,penloc2-econ-gast-cuentas:EconomicaGastos_ActivosFinancieros,penloc2-econ-gast-cuentas:EconomicaGastos_PasivosFinancieros
P_PR,943,Transferencias a otras Entidades Locales,penloc2-prog-cuentas:TransferenciasAOtrasEntidadesLocales,penloc2-econ-gast-cuentas:GastosDePersonal,penloc2-econ-gast-cuentas:GastosCorrientesEnBienesYServicios,penloc2-econ-gast-cuentas:GastosFinancieros,penloc2-econ-gast-cuentas:TransferenciasCorrientes,penloc2-econ-gast-cuentas:FondoDeContingenciaYOtrosImprevistos,penloc2-econ-gast-cuentas:InversionesReales,penloc2-econ-gast-cuentas:EconomicaGastos_TransferenciasDeCapital,penloc2-econ-gast-cuentas:EconomicaGastos_ActivosFinancieros,penloc2-econ-gast-cuentas:EconomicaGastos_PasivosFinancieros
P_PR,944,Transferencias a la Administración General del Estado,penloc2-prog-cuentas:TransferenciasALaAdministracionGeneralDelEstado,penloc2-econ-gast-cuentas:GastosDePersonal,penloc2-econ-gast-cuentas:GastosCorrientesEnBienesYServicios,penloc2-econ-gast-cuentas:GastosFinancieros,penloc2-econ-gast-cuentas:TransferenciasCorrientes,penloc2-econ-gast-cuentas:FondoDeContingenciaYOtrosImprevistos,penloc2-econ-gast-cuentas:InversionesReales,penloc2-econ-gast-cuentas:EconomicaGastos_TransferenciasDeCapital,penloc2-econ-gast-cuentas:EconomicaGastos_ActivosFinancieros,penloc2-econ-gast-cuentas:EconomicaGastos_PasivosFinancieros
